X.Phenotype.,GRYLD
IC321916,5.2
IC252705,5.73
IC35163,6.42
IC252714,3.18
IC420932,4.69
IC252745,3.78
IC252783,3.45
IC252784,6.01
IC252785,4.83
IC252792,6.4
IC252844,4.67
IC111787,3.73
IC252927,5.32
IC252928,5.23
IC252948,4.22
IC258208,5.71
IC258214,5.63
IC260887,5.24
IC260935,4.16
IC263247,2.77
IC279878,1.98
IC279882,4.05
IC28544,4.09
IC28564,3.57
IC28628,3.93
IC111867,3.04
IC28634,2.77
IC28658,3.28
IC28749,2.08
IC28844,4.4
IC28869,2.85
IC28934,1.87
IC290211,3.48
IC296538,3.94
IC296743,4.44
IC0534167 ,5.89
IC0534186 ,4.75
IC296889,2.23
IC311079,5.11
IC318875,2.9
IC31979,3.2
IC321851,5.95
IC321853,3.4
IC321864,2.79
IC321910,3.66
IC322002,1.67
IC328489,3.73
IC329509,0.8
IC333151,3.91
IC335683,2.45
IC335687,3.19
IC335716,6.08
IC0535052 ,3.81
IC335719,4.99
IC0534283 ,4.99
IC335760,5.13
IC321878,4.6
IC321888,7.17
IC321899,5.2
IC598270,3.61
IC598264,3.86
IC336648,4.94
IC330927,3.78
IC336751,4.47
IC261397,2.68
IC402030,1.98
IC402063,4.82
IC338696,4.67
IC345589,6.24
IC396586,4.94
IC347884,5.41
IC396596,4.18
IC614999,4.5
IC335963,6.87
IC351655,6.8
IC356467,4.9
IC339591,2.9
IC376242,5.96
IC335937,4.45
IC118750,2.11
IC397516,3.68
IC336741,2.21
IC397243,4.11
IC332329,2.31
IC338826,4.72
IC36865,4.99
IC369877,4.07
IC384533,2.96
IC532845,3.34
IC384542,6.94
IC393128,3.49
IC393879,4.44
IC398115,-0.32
IC397820,0.42
IC279867,5.37
IC279886,5.3
IC393885,4.55
IC361690,3.63
IC382720,4.56
IC467788,4.01
IC394806,5.62
IC279864,5.26
IC396576,4.64
IC107396,2.61
IC107406,3.8
IC427157,4.31
IC538794,5.49
IC538805,3.72
IC396617,5.61
IC427231,4.17
IC396619,5.88
IC538731,5.29
IC415501,5.47
IC310102,6.81
IC372660,4.97
IC372661,2.11
IC372670,3.61
IC372745,2.25
IC372656,1.13
IC310099,1.94
IC329444,5.6
IC329464,6.39
IC329478,4.75
IC329508,4.34
IC397983,4.86
IC329538,4.33
IC329541,6.31
IC310106,5.88
IC382723,5.9
IC382726,4.53
IC328650,6.94
IC328652,5.62
IC398067,6.75
IC329601,7.49
IC398287,6.99
IC582718,7.66
IC582724,7.97
IC582728,6.92
IC582733,6.23
IC372639,6.45
IC447513,6.53
IC447514,6.28
IC447515,5.52
IC116276,6.4
IC082286,6.59
IC279315,6.74
IC279324,7.71
IC279327,6.05
IC279333,5.98
IC279335,8.35
IC279336,7.48
IC321152,7.13
IC321153,6.87
IC405226,5.86
IC321160,7.3
IC406688,7.09
IC278685,5.8
IC447516,5.77
IC447517,7.46
IC447518,5.71
IC447521,5.66
IC447522,5.73
IC447524,5.5
IC421920,7.23
IC421924,7.53
IC415099,7.09
IC421937,7.16
IC107384,5.73
IC397879,7.18
IC427210,6.59
IC427183,7.93
IC427201,5.6
IC427207,5.23
IC415860,5.19
IC279159,6
IC415868,5.67
IC328511,6.28
IC328540,5.26
IC415872,5.92
IC328528,4.19
IC589288,5.25
IC595375,6.41
IC415877,6.62
IC355863,4.08
IC415879,6.89
IC118722,5.56
IC260858,5.64
IC393108,4.23
IC393111,3.93
IC415939,6.31
IC398279,6.11
IC415963,4.3
IC393113,4.79
IC398276,5.03
IC281804,5.91
IC415967,5.2
IC585638,5.49
IC260872,7.22
IC260871,6.84
IC383636,5.67
IC263237,4.69
IC416061,5.64
IC406724,5.53
IC595384,4.31
IC595390,4.4
IC595391,5.46
IC595394,7.28
IC416065,6.29
IC345690,5.84
IC282867,5.52
IC282869,5.72
IC282870,5.11
IC345179,6.66
IC345581,6.87
IC345585,7.7
IC416111,6.48
IC262042,5.13
IC316103,6.83
IC416119,5.32
IC416125,4.91
IC430359,4.3
IC416142,6.56
IC564129,6.9
IC564141,5.79
IC564147,6.98
IC337279,5.96
IC524220,5.29
IC392569,5.06
IC416146,5.48
IC263246,6.12
IC416168,7.91
IC260880,7.99
IC281555,5.06
IC282862,6.01
IC553102,4.52
IC553070,6
IC553089,5.31
IC128187,7.82
IC260946,7.02
IC273987,4.98
IC416385,6.23
IC279537,5.55
IC279740,5.84
IC279753,5.57
IC279466,6.49
IC281566,7.46
IC416408,3.99
IC281567,5.57
IC281569,3.57
IC316088,4.7
IC316096,5.47
IC316099,5.57
IC316104,4.29
IC426359,5.25
IC316090,5.73
IC316097,5.96
IC430369,6.07
IC279828,5.32
IC260970,5.09
IC281558,3.92
IC281559,4.2
IC281560,5.17
IC340976,6.53
IC316086,5.13
IC316087,5.96
IC79007-A,6.73
IC443717,5.63
IC78984,4.77
IC443722,5.15
IC11705,7.34
IC208908A,7.16
IC553102A,3.97
IC443750,6.37
IC0531931 ,5.61
IC0290313 ,5.98
IC0290298 ,6.61
IC0252708 ,7.71
IC0111719 ,5.03
IC445374,5.33
IC0252846 ,6.53
IC128283,4.21
IC626067,6.04
IC445400,6.68
IC445407,4.81
IC445413,5.94
IC0296735 ,7.49
IC445439,5.75
IC0546934 ,5.17
IC0546937 ,3.9
IC0549927 ,6.45
IC445494,4.66
IC0549913 ,4.64
IC0296780 ,5.98
IC0616571 ,6.05
IC445527,6.36
IC447520,5.43
IC449058,3.74
EC595315,5.96
EC597831,5.82
IC449061,4.72
EC597850,4.8
EC637484,5.67
EC597806,4.8
IC469463,4.9
EC609597,6.23
EC612501,6.83
EC597836,5.33
IC469480,2.03
EC597813,5.7
EC597856,5.77
EC638315,6.52
IC128388,6.21
IC47017,4
EC790826,3.92
IC47528,5.88
IC47797,4.35
IC524288,7.11
PI 342628,5.77
IWA 8600031,5.78
IWA 8608887,5.78
IC128409,4.63
IC524297,5.39
IC527448,4.46
PBL94.12.20.2,3.87
HGO94.3.65,5.74
HGO94.5.130,7.38
HGO94.6.1.11,5.15
IC529272,5.88
IC529289,3.83
IC0128172 ,5.76
IC0128209 ,6.63
IC128416,5.36
IC529971,2.95
IC0128173 ,6.39
IC0128186 ,5.34
IC0128196 ,2.85
IC0128198 ,5.47
IC0128242 ,5.15
IC0252612 ,6
IC0290196 ,3.7
IC0290297 ,4.83
IC0401928 ,5.85
IC0401936 ,5.67
IC0401942 ,6.02
IC0128155 ,5.27
IC0144920 ,3.28
IC0443766 ,5.61
IC0393877 ,3.32
IC0415058 ,3.82
IC0437081 ,3.52
IC0443723 ,4.21
IC0443726 ,3.81
IC0443727 ,4.05
IC0443731 ,5.93
IC0443747 ,4.64
IC0443756 ,4.64
IC0443762 ,5.14
IC0443950 ,5.5
IC0528119 ,4.9
IC531006,4.86
IC0443719 ,3.98
IC0128199 ,6.26
IC0296301 ,4.07
IC128438,4.68
IC0073211 ,2.25
IC0128229 ,4.4
IC0128243 ,6.38
IC0128244 ,6.06
IC0420925 ,5.7
IC0420926 ,5.65
IC0445595 ,5.6
IC0410028 ,4.98
IC531037,6.81
IC0547563 ,7.03
IC0075428 ,5.98
IC0561180 ,4.45
IC0565811 ,4.25
IC0566545 ,4.9
IC0566546 ,5.76
IC0436072 ,3.68
IC0470825 ,3.64
IC0524293 ,4.98
IC0524294 ,6.53
IC0524301 ,3.8
IC0524303 ,3.81
IC0524307 ,4.74
IC0586642 ,6.82
IC0587019 ,1.58
IC0590886 ,4.65
IC0595426 ,5.76
IC0596504 ,6.64
IC0598226 ,7.21
IC0610815 ,4.94
IC531183,5.39
IC0614819 ,4.72
IC0616288 ,4.87
IC128620,5.96
IC531275,6.61
IC531336,6.55
IC128640,5.99
IC531381,6.02
IC531471,7.22
IC531524,5.93
IC531790,5.42
IC128654,6.2
IC531849,7.13
IC531860,6.51
IC531950,5.15
IC531961,3.57
IC531998,6.02
IC532019,5.5
IC532662,4.01
IC532672,4.14
IC138379,4.9
IC533733,4.98
IC533725,4.41
IC138419,5.68
IC138426,5.32
IC534950,6.88
IC138428,4.09
IC534943,5.78
IC534992,6.91
IC534989,7.1
IC534953,7.62
IC138589,6.25
IC535552,6.64
IC535509,7.36
IC535427,6.8
IC138595,6.48
IC535601,6.82
IC138600,8.73
IC138610,7.26
IC536316,8.33
IC138614,6.5
IC539184,9.09
IC138637,8.56
IC536488,6.5
IC536323,7.88
IC539314,5.86
IC539305,6.41
IC539531,6.2
IC539486,5.89
IC539428,6.15
IC539427,5.46
IC539410,7.08
IC539409,7.41
IC542063,5.01
IC145954,4.85
IC542051,5.32
IC541983,5.28
IC539593,2.12
IC542076,5.38
IC542068,4.55
IC212065,5.74
IC543327,4.6
IC543280,3.93
IC547634,3.9
IC547631,5.39
IC547630,6.29
IC547650,4.17
IC547649,4.74
IC547640,3.25
IC240802,4.17
IC547637,3.89
IC549385,3.52
IC549361,4.91
IC549339,4.99
IC252346,4.49
IC547657,4.72
IC252349,5.08
IC554661,4.27
IC252369,2.86
IC573852,4.07
IC573850,4.9
IC566634,3.39
IC75217,3.74
IC73199,4.65
IC252387,5.21
IC584159,5.97
IC583383,5.36
IC582710,4.48
IC534929,4.71
IC574388,4.34
IC78703,5.03
IC75242,4.88
IC401927,6.22
IC290186,5.73
IC82425A,5.17
IC309875,4.68
IC29002,4.47
IC29020,5.37
IC28584,3.6
IC28872,3.56
IC28526,3.52
IC252796A,3.36
IC533610,3.7
IC252429,6.18
IC252440,5.49
IC252786,5.2
IC252469,5.49
IC240797,5.82
IC145522,7.24
IC28029,6.5
EC339606,4.65
EC339617,6.39
EC463384,5.62
EC483002,4.02
EC534421,4.53
IC252563,5.13
EC534451,5.2
EC552125,4.97
EC554964,4.5
EC556473,5.73
IC252587,4.83
EC556476,5.45
EC556485,4.93
EC582356,4.28
EC609338,6.03
IC252644,5.52
EC609557,5.5
EC6903,3.69
IC252651,5.77
EC573974,6.35
EC574914,5.84
EC187159,5.4
EC313755,5.93
EC574037,5.58
EC576792,5.58
IC252668,5.57
EC577738,6.36
EC21058,5.88
EC576578,6.35
EC464070,6.21
EC313710,5.68
IC252431,6.5
IC252434,5.13
IC252886,5.64
IC279230,5.08
IC28614,6.16
IC296767,6.37
