X.Phenotype.,GRYLD,subpopulation
IC321916,5.2,yq
IC252705,5.73,yy
IC35163,6.42,yy
IC252714,3.18,xx
IC420932,4.69,zz
IC252745,3.78,yy
IC252783,3.45,zz
IC252784,6.01,xx
IC252785,4.83,zz
IC252792,6.4,yq
IC252844,4.67,zz
IC111787,3.73,xx
IC252927,5.32,yy
IC252928,5.23,zz
IC252948,4.22,xx
IC258208,5.71,xx
IC258214,5.63,yy
IC260887,5.24,zz
IC260935,4.16,xx
IC263247,2.77,yq
IC279878,1.98,yq
IC279882,4.05,yy
IC28544,4.09,yy
IC28564,3.57,xx
IC28628,3.93,zz
IC111867,3.04,yy
IC28634,2.77,zz
IC28658,3.28,xx
IC28749,2.08,zz
IC28844,4.4,yq
IC28869,2.85,zz
IC28934,1.87,xx
IC290211,3.48,yy
IC296538,3.94,zz
IC296743,4.44,xx
IC0534167 ,5.89,xx
IC0534186 ,4.75,yy
IC296889,2.23,zz
IC311079,5.11,xx
IC318875,2.9,yq
IC31979,3.2,yq
IC321851,5.95,yy
IC321853,3.4,yy
IC321864,2.79,xx
IC321910,3.66,zz
IC322002,1.67,yy
IC328489,3.73,zz
IC329509,0.8,xx
IC333151,3.91,zz
IC335683,2.45,yq
IC335687,3.19,zz
IC335716,6.08,xx
IC0535052 ,3.81,yy
IC335719,4.99,zz
IC0534283 ,4.99,xx
IC335760,5.13,xx
IC321878,4.6,yy
IC321888,7.17,zz
IC321899,5.2,xx
IC598270,3.61,yq
IC598264,3.86,yq
IC336648,4.94,yy
IC330927,3.78,yy
IC336751,4.47,xx
IC261397,2.68,zz
IC402030,1.98,yy
IC402063,4.82,zz
IC338696,4.67,xx
IC345589,6.24,zz
IC396586,4.94,yq
IC347884,5.41,zz
IC396596,4.18,xx
IC614999,4.5,yy
IC335963,6.87,zz
IC351655,6.8,xx
IC356467,4.9,xx
IC339591,2.9,yy
IC376242,5.96,zz
IC335937,4.45,xx
IC118750,2.11,yq
IC397516,3.68,yq
IC336741,2.21,yy
IC397243,4.11,yy
IC332329,2.31,xx
IC338826,4.72,zz
IC36865,4.99,yy
IC369877,4.07,zz
IC384533,2.96,xx
IC532845,3.34,zz
IC384542,6.94,yq
IC393128,3.49,zz
IC393879,4.44,xx
IC398115,-0.32,yy
IC397820,0.42,zz
IC279867,5.37,xx
IC279886,5.3,xx
IC393885,4.55,yy
IC361690,3.63,zz
IC382720,4.56,xx
IC467788,4.01,yq
IC394806,5.62,yq
IC279864,5.26,yy
IC396576,4.64,yy
IC107396,2.61,xx
IC107406,3.8,zz
IC427157,4.31,yy
IC538794,5.49,zz
IC538805,3.72,xx
IC396617,5.61,zz
IC427231,4.17,yq
IC396619,5.88,zz
IC538731,5.29,xx
IC415501,5.47,yy
IC310102,6.81,zz
IC372660,4.97,xx
IC372661,2.11,xx
IC372670,3.61,yy
IC372745,2.25,zz
IC372656,1.13,xx
IC310099,1.94,yq
IC329444,5.6,zz
IC329464,6.39,yq
IC329478,4.75,zz
IC329508,4.34,xx
IC397983,4.86,zz
IC329538,4.33,yq
IC329541,6.31,yy
IC310106,5.88,yy
IC382723,5.9,xx
IC382726,4.53,zz
IC328650,6.94,yy
IC328652,5.62,zz
IC398067,6.75,xx
IC329601,7.49,zz
IC398287,6.99,yq
IC582718,7.66,zz
IC582724,7.97,xx
IC582728,6.92,yy
IC582733,6.23,zz
IC372639,6.45,xx
IC447513,6.53,xx
IC447514,6.28,yy
IC447515,5.52,zz
IC116276,6.4,xx
IC082286,6.59,yq
IC279315,6.74,yq
IC279324,7.71,yy
IC279327,6.05,yy
IC279333,5.98,xx
IC279335,8.35,zz
IC279336,7.48,yy
IC321152,7.13,zz
IC321153,6.87,xx
IC405226,5.86,zz
IC321160,7.3,yq
IC406688,7.09,zz
IC278685,5.8,xx
IC447516,5.77,yy
IC447517,7.46,zz
IC447518,5.71,xx
IC447521,5.66,xx
IC447522,5.73,yy
IC447524,5.5,zz
IC421920,7.23,xx
IC421924,7.53,yq
IC415099,7.09,yq
IC421937,7.16,yy
IC107384,5.73,yy
IC397879,7.18,xx
IC427210,6.59,zz
IC427183,7.93,yy
IC427201,5.6,zz
IC427207,5.23,xx
IC415860,5.19,zz
IC279159,6,yq
IC415868,5.67,zz
IC328511,6.28,xx
IC328540,5.26,yy
IC415872,5.92,zz
IC328528,4.19,xx
IC589288,5.25,xx
IC595375,6.41,yy
IC415877,6.62,zz
IC355863,4.08,xx
IC415879,6.89,yq
IC118722,5.56,yq
IC260858,5.64,yy
IC393108,4.23,yy
IC393111,3.93,xx
IC415939,6.31,zz
IC398279,6.11,yy
IC415963,4.3,zz
IC393113,4.79,xx
IC398276,5.03,zz
IC281804,5.91,yq
IC415967,5.2,zz
IC585638,5.49,xx
IC260872,7.22,yy
IC260871,6.84,zz
IC383636,5.67,xx
IC263237,4.69,xx
IC416061,5.64,yy
IC406724,5.53,zz
IC595384,4.31,xx
IC595390,4.4,yq
IC595391,5.46,yq
IC595394,7.28,yy
IC416065,6.29,yy
IC345690,5.84,xx
IC282867,5.52,zz
IC282869,5.72,yy
IC282870,5.11,zz
IC345179,6.66,xx
IC345581,6.87,zz
IC345585,7.7,yq
IC416111,6.48,zz
IC262042,5.13,xx
IC316103,6.83,yy
IC416119,5.32,zz
IC416125,4.91,xx
IC430359,4.3,xx
IC416142,6.56,yy
IC564129,6.9,zz
IC564141,5.79,xx
IC564147,6.98,yq
IC337279,5.96,yq
IC524220,5.29,yy
IC392569,5.06,yy
IC416146,5.48,xx
IC263246,6.12,zz
IC416168,7.91,yy
IC260880,7.99,zz
IC281555,5.06,xx
IC282862,6.01,zz
IC553102,4.52,yq
IC553070,6,zz
IC553089,5.31,xx
IC128187,7.82,yy
IC260946,7.02,zz
IC273987,4.98,xx
IC416385,6.23,xx
IC279537,5.55,yy
IC279740,5.84,zz
IC279753,5.57,xx
IC279466,6.49,yq
IC281566,7.46,zz
IC416408,3.99,yq
IC281567,5.57,zz
IC281569,3.57,xx
IC316088,4.7,zz
IC316096,5.47,yq
IC316099,5.57,yy
IC316104,4.29,yy
IC426359,5.25,xx
IC316090,5.73,zz
IC316097,5.96,yy
IC430369,6.07,zz
IC279828,5.32,xx
IC260970,5.09,zz
IC281558,3.92,yq
IC281559,4.2,zz
IC281560,5.17,xx
IC340976,6.53,yy
IC316086,5.13,zz
IC316087,5.96,xx
IC79007-A,6.73,xx
IC443717,5.63,yy
IC78984,4.77,zz
IC443722,5.15,xx
IC11705,7.34,yq
IC208908A,7.16,yq
IC553102A,3.97,yy
IC443750,6.37,yy
IC0531931 ,5.61,xx
IC0290313 ,5.98,zz
IC0290298 ,6.61,yy
IC0252708 ,7.71,zz
IC0111719 ,5.03,xx
IC445374,5.33,zz
IC0252846 ,6.53,yq
IC128283,4.21,zz
IC626067,6.04,xx
IC445400,6.68,yy
IC445407,4.81,zz
IC445413,5.94,xx
IC0296735 ,7.49,xx
IC445439,5.75,yy
IC0546934 ,5.17,zz
IC0546937 ,3.9,xx
IC0549927 ,6.45,yq
IC445494,4.66,yq
IC0549913 ,4.64,yy
IC0296780 ,5.98,yy
IC0616571 ,6.05,xx
IC445527,6.36,zz
IC447520,5.43,yy
IC449058,3.74,zz
EC595315,5.96,xx
EC597831,5.82,zz
IC449061,4.72,yq
EC597850,4.8,zz
EC637484,5.67,xx
EC597806,4.8,yy
IC469463,4.9,zz
EC609597,6.23,xx
EC612501,6.83,xx
EC597836,5.33,yy
IC469480,2.03,zz
EC597813,5.7,xx
EC597856,5.77,yq
EC638315,6.52,yq
IC128388,6.21,yy
IC47017,4,yy
EC790826,3.92,xx
IC47528,5.88,zz
IC47797,4.35,yy
IC524288,7.11,zz
PI 342628,5.77,xx
IWA 8600031,5.78,zz
IWA 8608887,5.78,yq
IC128409,4.63,zz
IC524297,5.39,xx
IC527448,4.46,yy
PBL94.12.20.2,3.87,zz
HGO94.3.65,5.74,xx
HGO94.5.130,7.38,xx
HGO94.6.1.11,5.15,yy
IC529272,5.88,zz
IC529289,3.83,xx
IC0128172 ,5.76,yq
IC0128209 ,6.63,yq
IC128416,5.36,yy
IC529971,2.95,yy
IC0128173 ,6.39,xx
IC0128186 ,5.34,zz
IC0128196 ,2.85,yy
IC0128198 ,5.47,zz
IC0128242 ,5.15,xx
IC0252612 ,6,zz
IC0290196 ,3.7,yq
IC0290297 ,4.83,zz
IC0401928 ,5.85,xx
IC0401936 ,5.67,yy
IC0401942 ,6.02,zz
IC0128155 ,5.27,xx
IC0144920 ,3.28,xx
IC0443766 ,5.61,yy
IC0393877 ,3.32,zz
IC0415058 ,3.82,xx
IC0437081 ,3.52,yq
IC0443723 ,4.21,yq
IC0443726 ,3.81,yy
IC0443727 ,4.05,yy
IC0443731 ,5.93,xx
IC0443747 ,4.64,zz
IC0443756 ,4.64,yy
IC0443762 ,5.14,zz
IC0443950 ,5.5,xx
IC0528119 ,4.9,zz
IC531006,4.86,yq
IC0443719 ,3.98,zz
IC0128199 ,6.26,xx
IC0296301 ,4.07,yy
IC128438,4.68,zz
IC0073211 ,2.25,xx
IC0128229 ,4.4,xx
IC0128243 ,6.38,yy
IC0128244 ,6.06,zz
IC0420925 ,5.7,xx
IC0420926 ,5.65,yq
IC0445595 ,5.6,zz
IC0410028 ,4.98,yq
IC531037,6.81,zz
IC0547563 ,7.03,xx
IC0075428 ,5.98,zz
IC0561180 ,4.45,yq
IC0565811 ,4.25,yy
IC0566545 ,4.9,yy
IC0566546 ,5.76,xx
IC0436072 ,3.68,zz
IC0470825 ,3.64,yy
IC0524293 ,4.98,zz
IC0524294 ,6.53,xx
IC0524301 ,3.8,zz
IC0524303 ,3.81,yq
IC0524307 ,4.74,zz
IC0586642 ,6.82,xx
IC0587019 ,1.58,yy
IC0590886 ,4.65,zz
IC0595426 ,5.76,xx
IC0596504 ,6.64,xx
IC0598226 ,7.21,yy
IC0610815 ,4.94,zz
IC531183,5.39,xx
IC0614819 ,4.72,yq
IC0616288 ,4.87,yq
IC128620,5.96,yy
IC531275,6.61,yy
IC531336,6.55,xx
IC128640,5.99,zz
IC531381,6.02,yy
IC531471,7.22,zz
IC531524,5.93,xx
IC531790,5.42,zz
IC128654,6.2,yq
IC531849,7.13,zz
IC531860,6.51,xx
IC531950,5.15,yy
IC531961,3.57,zz
IC531998,6.02,xx
IC532019,5.5,xx
IC532662,4.01,yy
IC532672,4.14,zz
IC138379,4.9,xx
IC533733,4.98,yq
IC533725,4.41,yq
IC138419,5.68,yy
IC138426,5.32,yy
IC534950,6.88,xx
IC138428,4.09,zz
IC534943,5.78,yy
IC534992,6.91,zz
IC534989,7.1,xx
IC534953,7.62,zz
IC138589,6.25,yq
IC535552,6.64,zz
IC535509,7.36,xx
IC535427,6.8,yy
IC138595,6.48,zz
IC535601,6.82,xx
IC138600,8.73,xx
IC138610,7.26,yy
IC536316,8.33,zz
IC138614,6.5,xx
IC539184,9.09,yq
IC138637,8.56,yq
IC536488,6.5,yy
IC536323,7.88,yy
IC539314,5.86,xx
IC539305,6.41,zz
IC539531,6.2,yy
IC539486,5.89,zz
IC539428,6.15,xx
IC539427,5.46,zz
IC539410,7.08,yq
IC539409,7.41,zz
IC542063,5.01,xx
IC145954,4.85,yy
IC542051,5.32,zz
IC541983,5.28,xx
IC539593,2.12,xx
IC542076,5.38,yy
IC542068,4.55,zz
IC212065,5.74,xx
IC543327,4.6,yq
IC543280,3.93,yq
IC547634,3.9,yy
IC547631,5.39,yy
IC547630,6.29,xx
IC547650,4.17,zz
IC547649,4.74,yy
IC547640,3.25,zz
IC240802,4.17,xx
IC547637,3.89,zz
IC549385,3.52,yq
IC549361,4.91,zz
IC549339,4.99,xx
IC252346,4.49,yy
IC547657,4.72,zz
IC252349,5.08,xx
IC554661,4.27,xx
IC252369,2.86,yy
IC573852,4.07,zz
IC573850,4.9,xx
IC566634,3.39,yq
IC75217,3.74,yq
IC73199,4.65,yy
IC252387,5.21,yy
IC584159,5.97,xx
IC583383,5.36,zz
IC582710,4.48,yy
IC534929,4.71,zz
IC574388,4.34,xx
IC78703,5.03,zz
IC75242,4.88,yq
IC401927,6.22,zz
IC290186,5.73,xx
IC82425A,5.17,yy
IC309875,4.68,zz
IC29002,4.47,xx
IC29020,5.37,xx
IC28584,3.6,yy
IC28872,3.56,zz
IC28526,3.52,xx
IC252796A,3.36,yq
IC533610,3.7,zz
IC252429,6.18,yq
IC252440,5.49,zz
IC252786,5.2,xx
IC252469,5.49,zz
IC240797,5.82,yq
IC145522,7.24,yy
IC28029,6.5,yy
EC339606,4.65,xx
EC339617,6.39,zz
EC463384,5.62,yy
EC483002,4.02,zz
EC534421,4.53,xx
IC252563,5.13,zz
EC534451,5.2,yq
EC552125,4.97,zz
EC554964,4.5,xx
EC556473,5.73,yy
IC252587,4.83,zz
EC556476,5.45,xx
EC556485,4.93,xx
EC582356,4.28,yy
EC609338,6.03,zz
IC252644,5.52,xx
EC609557,5.5,yq
EC6903,3.69,yq
IC252651,5.77,yy
EC573974,6.35,yy
EC574914,5.84,xx
EC187159,5.4,zz
EC313755,5.93,yy
EC574037,5.58,zz
EC576792,5.58,xx
IC252668,5.57,zz
EC577738,6.36,yq
EC21058,5.88,zz
EC576578,6.35,xx
EC464070,6.21,yy
EC313710,5.68,zz
IC252431,6.5,xx
IC252434,5.13,xx
IC252886,5.64,yy
IC279230,5.08,zz
IC28614,6.16,xx
IC296767,6.37,yq
