LOCATION,SEASON,   BLOCK    ,IRGC NO,DTF,PH,NPT,PL,PY,GYKGPHA
ISAH,WS2020,1,IRGC 125657,93,95,15,21,197.00,2897.059
ISAH,WS2020,1,IRGC 121441,117,102,8,15,,
ISAH,WS2020,1,IRGC 126979,109,103,12,18,162.00,2382.353
ISAH,WS2020,1,Swarna,111,58,6,17,7.00,102.941
ISAH,WS2020,1,IRGC 127713,82,117,9,20,386.40,5682.353
ISAH,WS2020,1,Sahabagidhan,84,104,7,22,28.00,411.765
ISAH,WS2020,1,IRGC 132415,112,122,8,21,504.00,7411.765
ISAH,WS2020,1,IRGC 127907,106,86,12,20,236.00,3470.588
ISAH,WS2020,1,IRGC 125647,93,120,8,21,388.00,5705.882
ISAH,WS2020,1,IRGC 128523,95,99,9,22,215.00,3161.765
ISAH,WS2020,1,IRGC 127411,85,120,5,21,335.00,4926.471
ISAH,WS2020,1,IRGC 128264,95,115,7,19,150.00,2205.882
ISAH,WS2020,1,IRGC 125765,91,117,7,20,214.00,3147.059
ISAH,WS2020,1,IRGC 128183,94,120,8,18,386.00,5676.471
ISAH,WS2020,1,IRGC 128202,90,123,6,22,424.00,6235.294
ISAH,WS2020,1,IRGC 127233,87,120,7,23,717.60,10552.941
ISAH,WS2020,1,MTU 1010,86,80,8,24,97.00,1426.471
ISAH,WS2020,1,IRGC 127305,114,66,10,18,160.00,2352.941
ISAH,WS2020,1,IRGC 121103,84,72,10,19,468.00,6882.353
ISAH,WS2020,1,IRGC 127231,106,121,8,24,345.00,5073.529
ISAH,WS2020,1,IR 64,85,75,9,21,650.40,9564.706
ISAH,WS2020,1,IRGC 132358,84,118,11,20,261.00,3838.235
ISAH,WS2020,1,IRGC 127145,91,121,8,21,144.00,2117.647
ISAH,WS2020,1,Sukadhan 5,92,76,5,20,76.00,1117.647
ISAH,WS2020,1,IRGC 127444,105,123,11,22,283.00,4161.765
ISAH,WS2020,1,IRGC 128496,114,108,7,21,80.00,1176.471
ISAH,WS2020,1,IRGC 128224,,,,,,
ISAH,WS2020,1,IRGC 128171,86,91,27,18,426.00,6264.706
ISAH,WS2020,1,IRGC 127060,91,82,2,19,14.00,205.882
ISAH,WS2020,1,IRGC 128174,84,125,12,26,384.00,5647.059
ISAH,WS2020,1,IRGC 125644,94,123,9,28,103.00,1514.706
ISAH,WS2020,1,IRGC 131928,105,130,12,26,305.00,4485.294
ISAH,WS2020,1,IRGC 128105,75,101,11,21,113.00,1661.765
ISAH,WS2020,1,IRGC 125681,95,129,7,16,18.00,264.706
ISAH,WS2020,1,IRGC 127100,87,66,11,19,65.00,955.882
ISAH,WS2020,1,IRGC 125637,90,108,8,23,444.00,6529.412
ISAH,WS2020,1,IRGC 127484,93,111,11,21,261.00,3838.235
ISAH,WS2020,1,IRGC 128116,91,91,7,18,13.00,191.176
ISAH,WS2020,1,IRGC 125867,113,121,9,19,19.00,279.412
ISAH,WS2020,1,IRGC 132402,113,129,9,23,280.80,4129.412
ISAH,WS2020,1,IRGC 128535,106,127,12,23,528.00,7764.706
ISAH,WS2020,1,IRGC 128110,106,122,8,21,300.00,4411.765
ISAH,WS2020,1,IRGC 132035,109,121,10,21,475.20,6988.235
ISAH,WS2020,1,IRGC 126961,95,88,8,22,33.00,485.294
ISAH,WS2020,1,IRGC 128089,93,105,11,20,198.00,2911.765
ISAH,WS2020,1,IRGC 125956,117,53,10,15,13.00,191.176
ISAH,WS2020,1,IRGC 132254,92,99,17,20,343.00,5044.118
ISAH,WS2020,1,IRGC 128013,84,90,11,16,121.00,1779.412
ISAH,WS2020,1,IRGC 125800,94,79,7,21,153.00,2250.000
ISAH,WS2020,1,IRGC 127782,91,105,9,18,225.00,3308.824
ISAH,WS2020,1,IRGC 127743,85,118,12,21,335.00,4926.471
ISAH,WS2020,1,IRGC 128109,109,123,7,23,290.40,4270.588
ISAH,WS2020,1,IRGC 132252,92,88,10,16,147.00,2161.765
ISAH,WS2020,1,DRR DHAN 44,88,87,9,23,10.00,147.059
ISAH,WS2020,1,IRGC 121316,106,118,8,20,231.00,3397.059
ISAH,WS2020,1,IRRI 123,90,79,11,21,251.00,3691.176
ISAH,WS2020,1,IRGC 125897,96,123,11,19,345.00,5073.529
ISAH,WS2020,1,IRGC 121154,84,106,9,24,240.00,3529.412
ISAH,WS2020,1,IRGC 126123,96,124,9,21,47.00,691.176
ISAH,WS2020,1,IRGC 127852,94,77,9,18,189.00,2779.412
ISAH,WS2020,1,IRGC 127333,89,118,8,22,421.00,6191.176
ISAH,WS2020,1,IRGC 126062,84,91,11,19,120.00,1764.706
ISAH,WS2020,1,IRGC 128074,96,139,5,29,440.00,6470.588
ISAH,WS2020,1,IRGC 122140,82,61,11,17,155.00,2279.412
ISAH,WS2020,1,IRGC 122089,91,70,8,19,288.00,4235.294
ISAH,WS2020,1,IRGC 127556,88,127,6,23,270.00,3970.588
ISAH,WS2020,1,IRGC 121474,85,61,8,19,153.00,2250.000
ISAH,WS2020,1,BPT 5204,115,70,12,16,190.00,2794.118
ISAH,WS2020,2,IRGC 125972,96,80,10,20,283.00,4161.765
ISAH,WS2020,2,IRGC 132364,93,107,8,21,322.00,4735.294
ISAH,WS2020,2,IRGC 125979,,34,1,10,,
ISAH,WS2020,2,Sukadhan 5,93,81,8,22,22.00,323.529
ISAH,WS2020,2,IRGC 127159,91,120,13,25,35.00,514.706
ISAH,WS2020,2,IRGC 128072,92,98,12,19,213.00,3132.353
ISAH,WS2020,2,IRGC 126236,109,122,8,21,,
ISAH,WS2020,2,IRGC 135569,96,,,,7.00,102.941
ISAH,WS2020,2,IRGC 132267,92,,,,321.00,4720.588
ISAH,WS2020,2,IRGC 132359,,,,,,
ISAH,WS2020,2,IRGC 126162,90,,,,503.00,7397.059
ISAH,WS2020,2,IRGC 128439,95,,,,81.00,1191.176
ISAH,WS2020,2,IRGC 128252,91,102,2,22,206.40,3035.294
ISAH,WS2020,2,IRGC 127434,91,79,11,21,286.00,4205.882
ISAH,WS2020,2,IRGC 127901,91,140,10,22,119.00,1750.000
ISAH,WS2020,2,IRGC 127631,90,104,6,21,196.00,2882.353
ISAH,WS2020,2,IRGC 127563,95,102,10,23,182.00,2676.471
ISAH,WS2020,2,IRGC 127537,86,112,7,24,453.60,6670.588
ISAH,WS2020,2,IRGC 122292,91,81,9,19,45.00,661.765
ISAH,WS2020,2,IRGC 128098,94,108,9,22,53.00,779.412
ISAH,WS2020,2,Swarna,116,59,6,19,,
ISAH,WS2020,2,IRGC 128223,,,,,,
ISAH,WS2020,2,IRGC 125953,91,99,8,20,144.00,2117.647
ISAH,WS2020,2,IR 64,93,74,12,20,121.00,1779.412
ISAH,WS2020,2,IRGC 127929,90,97,8,18,74.00,1088.235
ISAH,WS2020,2,IRGC 127634,90,120,11,23,286.00,4205.882
ISAH,WS2020,2,IRGC 127454,93,93,9,21,103.00,1514.706
ISAH,WS2020,2,IRGC 125880,90,100,7,21,190.00,2794.118
ISAH,WS2020,2,IRGC 127106,85,117,9,22,363.00,5338.235
ISAH,WS2020,2,IRGC 127256,111,68,5,19,548.00,8058.824
ISAH,WS2020,2,IRGC 127447,94,116,11,22,220.00,3235.294
ISAH,WS2020,2,IRGC 132316,89,110,11,23,224.00,3294.118
ISAH,WS2020,2,IRGC 127822,82,117,7,24,195.00,2867.647
ISAH,WS2020,2,IRGC 125684,85,112,11,20,169.00,2485.294
ISAH,WS2020,2,IRGC 128044,90,108,10,14,271.00,3985.294
ISAH,WS2020,2,IRGC 127129,89,117,13,24,259.00,3808.824
ISAH,WS2020,2,IRGC 128047,95,120,9,21,74.00,1088.235
ISAH,WS2020,2,IRGC 127650,83,121,8,23,393.00,5779.412
ISAH,WS2020,2,IRRI 123,87,77,9,21,225.00,3308.824
ISAH,WS2020,2,IRGC 127301,91,115,10,24,364.80,5364.706
ISAH,WS2020,2,IRGC 127974,90,117,8,24,132.00,1941.176
ISAH,WS2020,2,IRGC 127689,95,127,7,23,109.00,1602.941
ISAH,WS2020,2,IRGC 127001,87,124,5,19,134.00,1970.588
ISAH,WS2020,2,BPT 5204,109,69,9,17,192.00,2823.529
ISAH,WS2020,2,IRGC 126966,93,70,9,20,310.00,4558.824
ISAH,WS2020,2,Sahabagidhan,86,91,8,20,,
ISAH,WS2020,2,IRGC 127281,83,114,7,23,65.00,955.882
ISAH,WS2020,2,IRGC 126170,106,129,5,24,143.00,2102.941
ISAH,WS2020,2,IRGC 128156,81,105,6,20,236.00,3470.588
ISAH,WS2020,2,IRGC 127251,111,121,7,22,,
ISAH,WS2020,2,IRGC 128091,90,120,8,21,55.00,808.824
ISAH,WS2020,2,IRGC 125966,77,74,7,21,345.60,5082.353
ISAH,WS2020,2,IRGC 132371,93,84,7,20,124.00,1823.529
ISAH,WS2020,2,IRGC 125766,104,108,13,21,384.00,5647.059
ISAH,WS2020,2,IRGC 132291,75,111,7,21,403.20,5929.412
ISAH,WS2020,2,DRR DHAN 44,89,88,11,22,10.00,147.059
ISAH,WS2020,2,IRGC 127848,95,116,11,21,356.00,5235.294
ISAH,WS2020,2,IRGC 132424,84,101,12,20,263.00,3867.647
ISAH,WS2020,2,IRGC 131972,95,119,8,21,12.00,176.471
ISAH,WS2020,2,IRGC 128483,108,117,6,22,269.00,3955.882
ISAH,WS2020,2,IRGC 127745,84,113,9,21,337.00,4955.882
ISAH,WS2020,2,MTU 1010,87,67,9,19,106.00,1558.824
ISAH,WS2020,2,IRGC 127102,95,91,9,20,182.00,2676.471
ISAH,WS2020,2,IRGC 128000,105,101,11,21,64.00,941.176
ISAH,WS2020,2,IRGC 127964,93,109,7,20,130.00,1911.765
ISAH,WS2020,2,IRGC 127107,96,105,7,22,535.20,7870.588
ISAH,WS2020,2,IRGC 128157,95,112,7,23,,
ISAH,WS2020,2,IRGC 121342,115,79,6,22,,
ISAH,WS2020,3,IRGC 125990,109,63,7,17,128.00,1882.353
ISAH,WS2020,3,IRGC 127614,90,110,12,22,160.00,2352.941
ISAH,WS2020,3,IRGC 127884,90,84,9,15,331.20,4870.588
ISAH,WS2020,3,IRGC 125959,92,81,9,21,116.00,1705.882
ISAH,WS2020,3,IRGC 127942,80,95,9,19,39.00,573.529
ISAH,WS2020,3,Sukadhan 5,94,79,9,18,203.00,2985.294
ISAH,WS2020,3,IRGC 127968,91,97,6,18,142.00,2088.235
ISAH,WS2020,3,IRGC 128051,93,105,13,21,66.00,970.588
ISAH,WS2020,3,IRGC 128025,95,117,12,21,258.00,3794.118
ISAH,WS2020,3,IRGC 132033,106,108,7,19,132.00,1941.176
ISAH,WS2020,3,IRGC 127869,81,112,9,23,322.00,4735.294
ISAH,WS2020,3,IRGC 128071,79,109,7,22,187.20,2752.941
ISAH,WS2020,3,IRGC 128200,86,108,9,21,38.00,558.824
ISAH,WS2020,3,IRGC 127443,81,118,8,23,124.00,1823.529
ISAH,WS2020,3,IRGC 125648,77,89,4,17,,
ISAH,WS2020,3,IRGC 128090,91,116,8,23,163.00,2397.059
ISAH,WS2020,3,IRGC 127096,92,112,8,19,197.00,2897.059
ISAH,WS2020,3,IRGC 127933,92,128,6,26,132.00,1941.176
ISAH,WS2020,3,IRGC 125887,90,84,8,20,115.00,1691.176
ISAH,WS2020,3,Sahabagidhan,84,98,10,22,,
ISAH,WS2020,3,IRGC 128117,96,129,14,22,3.00,44.118
ISAH,WS2020,3,IRGC 127684,91,122,14,25,358.00,5264.706
ISAH,WS2020,3,IRGC 125705,89,101,7,19,62.00,911.765
ISAH,WS2020,3,Swarna,76,71,10,19,11.00,161.765
ISAH,WS2020,3,IRGC 125869,82,93,8,18,146.00,2147.059
ISAH,WS2020,3,IRGC 125970,90,114,4,22,9.00,132.353
ISAH,WS2020,3,IR 64,89,68,8,20,226.00,3323.529
ISAH,WS2020,3,IRGC 125850,91,112,9,20,202.00,2970.588
ISAH,WS2020,3,DRR DHAN 44,90,92,10,23,89.00,1308.824
ISAH,WS2020,3,IRGC 127975,86,110,10,22,201.00,2955.882
ISAH,WS2020,3,MTU 1010,86,78,9,20,247.00,3632.353
ISAH,WS2020,3,IRGC 125949,93,78,7,20,138.00,2029.412
ISAH,WS2020,3,IRGC 125802,94,104,5,22,96.00,1411.765
ISAH,WS2020,3,IRGC 128120,96,125,9,21,256.00,3764.706
ISAH,WS2020,3,IRGC 124442,95,121,7,20,138.00,2029.412
ISAH,WS2020,3,IRGC 126085,91,56,9,19,51.00,750.000
ISAH,WS2020,3,IRGC 131976,90,93,7,22,190.00,2794.118
ISAH,WS2020,3,IRGC 127469,83,106,8,22,363.00,5338.235
ISAH,WS2020,3,IRGC 128020,94,65,8,18,141.00,2073.529
ISAH,WS2020,3,IRGC 128181,95,111,7,17,200.00,2941.176
ISAH,WS2020,3,IRGC 128281,94,91,4,20,4.00,58.824
ISAH,WS2020,3,IRGC 125804,76,83,5,19,5.00,73.529
ISAH,WS2020,3,IRGC 127040,95,101,7,20,275.00,4044.118
ISAH,WS2020,3,IRGC 122120,112,108,9,22,106.00,1558.824
ISAH,WS2020,3,IRGC 122098,93,94,4,23,205.00,3014.706
ISAH,WS2020,3,IRGC 128518,106,114,7,20,232.00,3411.765
ISAH,WS2020,3,IRRI 123,92,75,8,21,209.00,3073.529
ISAH,WS2020,3,IRGC 127953,94,98,10,20,183.00,2691.176
ISAH,WS2020,3,IRGC 126150,91,98,9,20,264.00,3882.353
ISAH,WS2020,3,IRGC 128137,93,114,7,21,193.00,2838.235
ISAH,WS2020,3,IRGC 128123,94,113,6,19,240.00,3529.412
ISAH,WS2020,3,IRGC 127351,90,115,5,20,160.00,2352.941
ISAH,WS2020,3,IRGC 125890,106,67,7,19,103.00,1514.706
ISAH,WS2020,3,IRGC 122029,90,90,5,21,174.00,2558.824
ISAH,WS2020,3,IRGC 128323,85,109,5,21,,
ISAH,WS2020,3,IRGC 125955,81,72,6,18,90.00,1323.529
ISAH,WS2020,3,IRGC 128108,106,113,6,21,216.00,3176.471
ISAH,WS2020,3,IRGC 127849,85,108,4,20,141.00,2073.529
ISAH,WS2020,3,IRGC 128350,111,100,9,20,121.00,1779.412
ISAH,WS2020,3,IRGC 128444,106,108,6,20,,
ISAH,WS2020,3,IRGC 128040,109,120,7,20,183.00,2691.176
ISAH,WS2020,3,IRGC 127481,109,124,6,22,150.00,2205.882
ISAH,WS2020,3,IRGC 125873,95,83,9,20,145.00,2132.353
ISAH,WS2020,3,IRGC 126158,93,98,7,19,9.00,132.353
ISAH,WS2020,3,BPT 5204,111,61,7,15,54.00,794.118
ISAH,WS2020,3,IRGC 125664,91,114,9,20,170.00,2500.000
ISAH,WS2020,3,IRGC 127963,85,106,11,22,204.00,3000.000
ISAH,WS2020,3,IRGC 125859,93,52,5,15,7.00,102.941
ISAH,WS2020,4,IRGC 132372,84,103,5,20,225.00,3308.824
ISAH,WS2020,4,IRGC 127926,90,121,8,22,221.00,3250.000
ISAH,WS2020,4,IRGC 122076,85,86,5,19,143.00,2102.941
ISAH,WS2020,4,IRGC 125609,84,67,5,19,114.00,1676.471
ISAH,WS2020,4,IRGC 127802,106,93,9,20,388.00,5705.882
ISAH,WS2020,4,IRGC 128126,95,128,10,21,140.00,2058.824
ISAH,WS2020,4,IRGC 132328,106,110,28,22,8.00,117.647
ISAH,WS2020,4,IRGC 127131,94,114,7,23,225.00,3308.824
ISAH,WS2020,4,IRGC 126167,109,122,10,22,152.00,2235.294
ISAH,WS2020,4,IRGC 127124,98,86,6,16,22.00,323.529
ISAH,WS2020,4,IRGC 128119,109,116,7,22,,
ISAH,WS2020,4,IRGC 127775,91,83,10,19,228.00,3352.941
ISAH,WS2020,4,IRGC 128092,109,115,9,22,325.00,4779.412
ISAH,WS2020,4,IRGC 127437,109,119,7,22,,
ISAH,WS2020,4,IRGC 127172,90,114,6,22,250.00,3676.471
ISAH,WS2020,4,IRGC 132337,96,112,5,20,46.00,676.471
ISAH,WS2020,4,IRGC 127576,93,96,10,21,180.00,2647.059
ISAH,WS2020,4,IRGC 127536,86,97,9,19,262.00,3852.941
ISAH,WS2020,4,IRGC 125801,87,110,7,22,317.00,4661.765
ISAH,WS2020,4,IRGC 132423,109,121,9,24,,
ISAH,WS2020,4,IRGC 127835,91,60,6,18,59.00,867.647
ISAH,WS2020,4,IRGC 127970,93,108,7,19,41.00,602.941
ISAH,WS2020,4,IRGC 125810,109,124,7,20,285.00,4191.176
ISAH,WS2020,4,IRRI 123,119,77,7,22,101.00,1485.294
ISAH,WS2020,4,IRGC 126216,89,111,8,22,267.00,3926.471
ISAH,WS2020,4,IRGC 127908,91,108,8,21,223.00,3279.412
ISAH,WS2020,4,Sahabagidhan,90,117,7,24,230.40,3388.235
ISAH,WS2020,4,IRGC 126270,97,115,10,23,410.00,6029.412
ISAH,WS2020,4,IRGC 127639,91,68,7,18,207.00,3044.118
ISAH,WS2020,4,IRGC 125961,,64,8,17,343.20,5047.059
ISAH,WS2020,4,IRGC 127919,84,96,7,17,103.00,1514.706
ISAH,WS2020,4,DRR DHAN 44,91,96,11,19,245.00,3602.941
ISAH,WS2020,4,IRGC 128118,78,97,12,20,475.00,6985.294
ISAH,WS2020,4,IRGC 127773,91,118,8,22,98.00,1441.176
ISAH,WS2020,4,IRGC 127154,93,123,9,24,245.00,3602.941
ISAH,WS2020,4,IRGC 126974,93,127,9,23,345.00,5073.529
ISAH,WS2020,4,IRGC 127710,95,117,8,20,214.00,3147.059
ISAH,WS2020,4,IRGC 125630,86,103,8,19,178.00,2617.647
ISAH,WS2020,4,IRGC 125886,90,107,8,20,275.00,4044.118
ISAH,WS2020,4,IRGC 125973,79,86,7,18,66.00,970.588
ISAH,WS2020,4,IRGC 132300,79,81,4,17,105.00,1544.118
ISAH,WS2020,4,IRGC 132256,84,88,7,18,,
ISAH,WS2020,4,IRGC 128041,80,111,6,20,101.00,1485.294
ISAH,WS2020,4,MTU 1010,85,86,7,22,154.00,2264.706
ISAH,WS2020,4,IRGC 127812,116,99,4,19,412.80,6070.588
ISAH,WS2020,4,IRGC 127282,116,126,9,21,334.00,4911.765
ISAH,WS2020,4,IRGC 125735,91,118,9,22,319.20,4694.118
ISAH,WS2020,4,IRGC 127937,86,117,6,21,260.00,3823.529
ISAH,WS2020,4,BPT 5204,79,64,8,18,81.00,1191.176
ISAH,WS2020,4,IRGC 126153,79,119,7,19,198.00,2911.765
ISAH,WS2020,4,IRGC 135566,79,112,8,21,700.80,10305.882
ISAH,WS2020,4,IR 64,89,74,11,21,353.00,5191.176
ISAH,WS2020,4,IRGC 128129,79,111,10,20,253.00,3720.588
ISAH,WS2020,4,IRGC 127160,79,115,6,22,535.20,7870.588
ISAH,WS2020,4,IRGC 127801,,,,,,
ISAH,WS2020,4,IRGC 128018,86,98,10,21,150.00,2205.882
ISAH,WS2020,4,Swarna,110,75,9,20,192.00,2823.529
ISAH,WS2020,4,IRGC 127677,,,,,,
ISAH,WS2020,4,IRGC 132279,84,107,16,22,130.00,1911.765
ISAH,WS2020,4,IRGC 126209,90,113,8,22,154.00,2264.706
ISAH,WS2020,4,IRGC 132357,82,89,7,21,148.00,2176.471
ISAH,WS2020,4,IRGC 127674,89,111,6,19,240.00,3529.412
ISAH,WS2020,4,IRGC 128138,92,107,9,22,536.00,7882.353
ISAH,WS2020,4,IRGC 127239,93,97,6,20,57.00,838.235
ISAH,WS2020,4,IRGC 128489,84,131,4,26,91.00,1338.235
ISAH,WS2020,4,IRGC 125976,89,55,5,18,45.00,661.765
ISAH,WS2020,4,Sukadhan 5,95,80,10,17,383.00,5632.353
ISAH,WS2020,4,IRGC 127996,114,122,7,22,105.00,1544.118
ISAH,WS2020,5,IRGC 117423,119,130,8,25,10.00,147.059
ISAH,WS2020,5,BPT 5204,116,73,8,18,173.00,2544.118
ISAH,WS2020,5,Swarna,116,69,6,20,268.00,3941.176
ISAH,WS2020,5,IRGC 125715,82,60,10,17,193.00,2838.235
ISAH,WS2020,5,IRGC 127367,88,104,6,22,448.00,6588.235
ISAH,WS2020,5,IRGC 128001,93,128,9,25,237.00,3485.294
ISAH,WS2020,5,IRGC 131971,89,133,5,23,265.00,3897.059
ISAH,WS2020,5,IRGC 127612,89,127,6,21,246.00,3617.647
ISAH,WS2020,5,IRGC 127243,93,90,6,19,18.00,264.706
ISAH,WS2020,5,IRGC 127292,93,117,7,20,172.00,2529.412
ISAH,WS2020,5,IRGC 127632,89,111,6,20,305.00,4485.294
ISAH,WS2020,5,IRGC 127068,79,88,6,19,190.00,2794.118
ISAH,WS2020,5,IRGC 128154,93,113,11,22,269.00,3955.882
ISAH,WS2020,5,IRGC 126174,116,52,6,17,15.00,220.588
ISAH,WS2020,5,IRGC 127923,116,107,7,22,114.00,1676.471
ISAH,WS2020,5,MTU 1010,88,85,6,21,292.00,4294.118
ISAH,WS2020,5,IRGC 128160,93,125,6,21,245.00,3602.941
ISAH,WS2020,5,IRGC 127956,93,125,7,21,163.00,2397.059
ISAH,WS2020,5,NS 1576::IRGC 68951-1,82,126,5,23,239.00,3514.706
ISAH,WS2020,5,IRGC 128162,84,111,7,20,211.00,3102.941
ISAH,WS2020,5,IRGC122276,96,130,4,25,103.00,1514.706
ISAH,WS2020,5,IRGC 131980,82,137,5,24,113.00,1661.765
ISAH,WS2020,5,IRGC 127747,110,120,6,21,49.00,720.588
ISAH,WS2020,5,IRGC 125968,95,75,8,17,68.00,1000.000
ISAH,WS2020,5,IRGC 125863,85,117,8,22,442.00,6500.000
ISAH,WS2020,5,Sahabagidhan,86,117,8,24,410.40,6035.294
ISAH,WS2020,5,IRGC 128056,104,113,8,25,271.20,3988.235
ISAH,WS2020,5,IRGC 127195,87,122,7,24,,
ISAH,WS2020,5,IRGC 128076,78,118,6,22,85.00,1250.000
ISAH,WS2020,5,IRGC 128214,95,114,6,22,123.00,1808.824
ISAH,WS2020,5,IRGC 126178,87,112,9,23,331.00,4867.647
ISAH,WS2020,5,IRGC 126025,96,89,7,22,194.00,2852.941
ISAH,WS2020,5,IRGC 127053,84,71,9,21,205.00,3014.706
ISAH,WS2020,5,IRGC 125714,82,109,6,24,180.00,2647.059
ISAH,WS2020,5,IRGC 127864,80,117,7,20,322.00,4735.294
ISAH,WS2020,5,IRRI 123,87,75,8,21,243.00,3573.529
ISAH,WS2020,5,IRGC 126001,104,76,9,19,249.00,3661.765
ISAH,WS2020,5,IRGC 126084,104,80,7,21,252.00,3705.882
ISAH,WS2020,5,IRGC 127352,82,117,5,22,297.00,4367.647
ISAH,WS2020,5,IRGC 127538,84,83,5,21,197.00,2897.059
ISAH,WS2020,5,IRGC 120922,109,59,8,16,68.00,1000.000
ISAH,WS2020,5,IRGC 127839,80,116,7,22,92.00,1352.941
ISAH,WS2020,5,IR 64,84,74,11,18,164.00,2411.765
ISAH,WS2020,5,IRGC 125987,86,74,5,20,95.00,1397.059
ISAH,WS2020,5,IRGC 127227,79,104,7,20,552.00,8117.647
ISAH,WS2020,5,IRGC 125853,82,90,6,21,230.00,3382.353
ISAH,WS2020,5,IRGC 127128,85,117,8,23,408.00,6000.000
ISAH,WS2020,5,IRGC 121119,114,69,7,19,13.00,191.176
ISAH,WS2020,5,IRGC 122286,79,73,8,21,194.00,2852.941
ISAH,WS2020,5,IRGC 128078,85,116,7,21,181.00,2661.765
ISAH,WS2020,5,IRGC 128067,92,120,8,20,164.00,2411.765
ISAH,WS2020,5,IRGC 122285,91,75,7,23,53.00,779.412
ISAH,WS2020,5,IRGC 127201,88,120,7,24,434.00,6382.353
ISAH,WS2020,5,IRGC 128176,90,68,8,18,33.00,485.294
ISAH,WS2020,5,Sukadhan 5,93,81,8,22,22.00,323.529
ISAH,WS2020,5,IRGC 127881,78,110,6,20,279.00,4102.941
ISAH,WS2020,5,IRGC 125740,115,128,5,24,260.00,3823.529
ISAH,WS2020,5,IRGC 127946,89,124,5,26,327.00,4808.824
ISAH,WS2020,5,DRR DHAN 44,92,97,10,20,382.00,5617.647
ISAH,WS2020,5,IRGC 127123,82,105,7,24,178.00,2617.647
ISAH,WS2020,5,IRGC 125754,86,103,7,21,275.00,4044.118
ISAH,WS2020,5,IRGC 122099,87,93,7,24,334.00,4911.765
ISAH,WS2020,5,IRGC 125969,88,79,6,19,158.00,2323.529
ISAH,WS2020,5,IRGC 128046,87,94,8,20,223.00,3279.412
ISAH,WS2020,5,IRGC 121974,89,90,5,22,287.00,4220.588
ISAH,WS2020,5,IRGC 127515,85,114,5,23,314.00,4617.647
ISAH,WS2020,5,IRGC 126312,106,100,9,20,213.00,3132.353
ISAH,WS2020,5,IRGC 125689,106,125,7,22,230.00,3382.353
ISAH,WS2021,1,IRGC 125657,93,145,17,27,790,7090
ISAH,WS2021,1,IRGC 121441,103,144,6,23,490.8,4405
ISAH,WS2021,1,IRGC 126979,104,131,8,23,470.4,4222
ISAH,WS2021,1,Swarna,102,70,6,19,280.7,2519
ISAH,WS2021,1,IRGC 127713,,,,,,
ISAH,WS2021,1,Sahabagidhan,90,173,16,26,410,3679
ISAH,WS2021,1,IRGC 132415,90,125,12,27,570.2,5117
ISAH,WS2021,1,IRGC 127907,,,,,,
ISAH,WS2021,1,IRGC 125647,99,146,10,24,580.3,5208
ISAH,WS2021,1,IRGC 128523,99,155,8,23,360.1,3232
ISAH,WS2021,1,IRGC 127411,89,163,8,29,750.4,7098
ISAH,WS2021,1,IRGC 128264,88,152,8,26,130.9,1206
ISAH,WS2021,1,IRGC 125765,90,163,10,23,430.3,3862
ISAH,WS2021,1,IRGC 128183,108,87,7,22,500.4,4491
ISAH,WS2021,1,IRGC 128202,108,100,7,23,280.1,2514
ISAH,WS2021,1,IRGC 127233,87,172,5,28,710.9,6380
ISAH,WS2021,1,MTU 1010,85,101,8,23,570.9,5258
ISAH,WS2021,1,IRGC 127305,100,96,8,23,290.2,2604
ISAH,WS2021,1,IRGC 121103,84,106,10,23,480.9,4316
ISAH,WS2021,1,IRGC 127231,89,143,9,28,760.4,7004
ISAH,WS2021,1,Sahabagidhan,80,109,6,27,340.2,2977
ISAH,WS2021,1,IRGC 132358,90,173,7,30,640.6,5749
ISAH,WS2021,1,IRGC 127145,81,128,9,27,190.7,1756
ISAH,WS2021,1,Sukhadhan 5,,,,,,
ISAH,WS2021,1,IRGC 127444,84,167,7,28,430,3961
ISAH,WS2021,1,IRGC 128496,98,153,6,27,420.1,3770
ISAH,WS2021,1,IRGC 128224,90,148,8,27,600.6,5390
ISAH,WS2021,1,IRGC 128171,89,122,11,24,390.4,3596
ISAH,WS2021,1,IRGC 127060,90,136,6,26,100.3,975
ISAH,WS2021,1,IRGC 128174,92,151,10,27,810.1,7270
ISAH,WS2021,1,IRGC 125644,90,153,5,29,200.4,1846
ISAH,WS2021,1,IRGC 131928,92,166,6,32,640.8,5751
ISAH,WS2021,1,IRGC 128105,99,150,7,26,580.3,5208
ISAH,WS2021,1,IRGC 125681,107,119,9,24,360.9,3324
ISAH,WS2021,1,IRGC 127100,83,91,9,22,560.4,5029
ISAH,WS2021,1,IRGC 125637,80,150,8,28,590.8,5302
ISAH,WS2021,1,IRGC 127484,106,103,8,25,530,4756
ISAH,WS2021,1,IRGC 128116,104,114,8,20,,
ISAH,WS2021,1,IRGC 125867,91,153,9,25,30,256
ISAH,WS2021,1,IRGC 132402,,,,,,
ISAH,WS2021,1,IRGC 128535,86,156,7,28,330.9,2970
ISAH,WS2021,1,IRGC 128110,105,102,5,22,420.1,3770
ISAH,WS2021,1,IRGC 132035,105,134,14,19,490.8,4405
ISAH,WS2021,1,IRGC 126961,89,131,6,26,390.1,3501
ISAH,WS2021,1,IRGC 128089,91,140,8,29,470.3,4221
ISAH,WS2021,1,IRGC 125956,97,126,10,24,290.2,2604
ISAH,WS2021,1,IRGC 132254,85,144,7,25,530.4,4760
ISAH,WS2021,1,IRGC 128013,90,136,11,25,450.8,4046
ISAH,WS2021,1,IRGC 125800,87,99,6,26,340.4,3055
ISAH,WS2021,1,IRGC 127782,106,106,9,22,540.3,4849
ISAH,WS2021,1,IRGC 127743,100,119,9,23,350.1,2989
ISAH,WS2021,1,IRGC 128109,83,152,8,27,350.9,3149
ISAH,WS2021,1,IRGC 132252,88,143,7,25,540.2,4848
ISAH,WS2021,1,DRR DHAN 44,87,116,8,25,280,2513
ISAH,WS2021,1,IRGC 121316,90,164,7,25,740.3,6644
ISAH,WS2021,1,IRRI 123,88,104,8,24,320.4,2875
ISAH,WS2021,1,IRGC 125897,85,140,6,22,580.7,5349
ISAH,WS2021,1,IRGC 121154,98,128,10,25,370.3,3323
ISAH,WS2021,1,IRGC 126123,82,150,10,26,610.4,5211
ISAH,WS2021,1,IRGC 127852,91,102,6,19,440.1,3950
ISAH,WS2021,1,IRGC 127333,88,152,6,24,600.8,5392
ISAH,WS2021,1,IRGC 126062,89,117,14,23,210.2,1886
ISAH,WS2021,1,IRGC 128074,106,127,9,25,540.8,4853
ISAH,WS2021,1,IRGC 122140,100,79,9,18,250.1,2084
ISAH,WS2021,1,IRGC 122089,85,83,8,23,490.3,4290
ISAH,WS2021,1,IRGC 127556,97,152,5,25,570.4,4869
ISAH,WS2021,1,IRGC 121474,83,85,6,23,480.4,4204
ISAH,WS2021,1,BPT 5204,99,94,9,25,240.3,2157
ISAH,WS2021,2,IRGC 125972,89,92,10,26,360.2,3152
ISAH,WS2021,2,IRGC 132364,108,114,7,21,360.8,3238
ISAH,WS2021,2,IRGC 125979,,,,,,
ISAH,WS2021,2,Sukhadhan 5,,,,,,
ISAH,WS2021,2,IRGC 127159,87,157,7,30,500.1,4269
ISAH,WS2021,2,IRGC 128072,89,133,9,25,410.4,3591
ISAH,WS2021,2,IRGC 126236,86,113,10,22,540.9,4617
ISAH,WS2021,2,IRGC 135569,92,141,3,26,130.2,1139
ISAH,WS2021,2,IRGC 132267,115,177,5,30,430.2,3861
ISAH,WS2021,2,IRGC 132359,102,112,7,26,300.8,2699
ISAH,WS2021,2,IRGC 126162,113,138,6,23,560,4667
ISAH,WS2021,2,IRGC 128439,105,139,8,28,190.9,1591
ISAH,WS2021,2,IRGC 128252,80,114,9,20,500.6,4611
ISAH,WS2021,2,IRGC 127434,82,97,7,22,550.8,4820
ISAH,WS2021,2,IRGC 127901,83,153,8,27,440.9,3674
ISAH,WS2021,2,IRGC 127631,100,153,4,27,500.3,4271
ISAH,WS2021,2,IRGC 127563,97,122,6,24,370.7,3327
ISAH,WS2021,2,IRGC 127537,104,127,7,26,500.6,4172
ISAH,WS2021,2,IRGC 122292,90,141,10,26,410.5,3592
ISAH,WS2021,2,IRGC 128098,98,138,9,27,510,4463
ISAH,WS2021,2,Swarna,108,64,9,18,170.8,1423
ISAH,WS2021,2,IRGC 128223,,,,,,
ISAH,WS2021,2,IRGC 125953,88,148,7,24,650.6,5693
ISAH,WS2021,2,Local Check-1,82,95,7,24,520.8,4446
ISAH,WS2021,2,IRGC 127929,96,149,6,28,490.8,4295
ISAH,WS2021,2,IRGC 127634,87,160,7,28,720.3,6149
ISAH,WS2021,2,IRGC 127454,92,112,6,25,330.7,2756
ISAH,WS2021,2,IRGC 125880,100,100,7,27,700,5833
ISAH,WS2021,2,IRGC 127106,107,78,6,19,480.1,4001
ISAH,WS2021,2,IRGC 127256,97,98,5,23,210,1793
ISAH,WS2021,2,IRGC 127447,88,143,6,28,100.2,1846
ISAH,WS2021,2,IRGC 132316,91,138,10,29,450.4,4042
ISAH,WS2021,2,IRGC 127822,89,158,7,28,570.4,5119
ISAH,WS2021,2,IRGC 125684,92,129,6,25,650.7,5993
ISAH,WS2021,2,IRGC 128044,98,132,11,24,690.4,6196
ISAH,WS2021,2,IRGC 127129,86,143,9,28,340.2,3053
ISAH,WS2021,2,IRGC 128047,94,152,6,27,510.1,4698
ISAH,WS2021,2,IRGC 127650,89,157,6,30,440,3949
ISAH,WS2021,2,IRRI 123,87,101,10,26,260.5,2464
ISAH,WS2021,2,IRGC 127301,96,159,10,28,640.3,5336
ISAH,WS2021,2,IRGC 127974,84,159,11,30,460.3,4131
ISAH,WS2021,2,IRGC 127689,93,150,9,25,700.2,6449
ISAH,WS2021,2,IRGC 127001,87,145,6,28,280.1,2723
ISAH,WS2021,2,BPT 5204,98,72,7,20,230,2064
ISAH,WS2021,2,IRGC 126966,88,95,10,22,600.4,5530
ISAH,WS2021,2,Sahabagidhan,79,115,6,24,650.5,6324
ISAH,WS2021,2,IRGC 127281,84,163,8,28,410.9,3424
ISAH,WS2021,2,IRGC 126170,102,116,8,23,400,3333
ISAH,WS2021,2,IRGC 128156,94,145,7,24,520.3,4792
ISAH,WS2021,2,IRGC 127251,,,,,,
ISAH,WS2021,2,IRGC 128091,90,171,6,27,550.1,4584
ISAH,WS2021,2,IRGC 125966,103,70,9,24,400.8,3597
ISAH,WS2021,2,IRGC 132371,97,104,5,22,280.4,2337
ISAH,WS2021,2,IRGC 125766,88,138,7,25,620.4,5170
ISAH,WS2021,2,IRGC 132291,,95,8,25,,
ISAH,WS2021,2,DRR DHAN 44,86,111,7,24,490,4083
ISAH,WS2021,2,IRGC 127848,87,112,7,25,230.1,1918
ISAH,WS2021,2,IRGC 132424,89,129,8,25,280.9,2341
ISAH,WS2021,2,IRGC 131972,88,150,10,26,320.9,2674
ISAH,WS2021,2,IRGC 128483,102,130,8,25,230.4,1920
ISAH,WS2021,2,IRGC 127745,87,157,6,27,550.9,4591
ISAH,WS2021,2,IR 64,92,147,9,25,380.1,3168
ISAH,WS2021,2,IRGC 127102,83,87,8,21,340.8,2840
ISAH,WS2021,2,IRGC 128000,90,112,6,24,600.2,5002
ISAH,WS2021,2,IRGC 127964,96,126,11,25,460.4,3837
ISAH,WS2021,2,IRGC 127107,94,150,8,26,460.8,3840
ISAH,WS2021,2,IRGC 128157,105,88,8,20,500.4,4170
ISAH,WS2021,2,IRGC 121342,93,157,8,28,350,2917
ISAH,WS2021,3,IRGC 125990,83,95,7,21,360.6,3005
ISAH,WS2021,3,IRGC 127614,91,144,8,28,650.4,5991
ISAH,WS2021,3,IRGC 127884,91,141,10,23,400,3333
ISAH,WS2021,3,IRGC 125959,93,154,7,26,260.8,2173
ISAH,WS2021,3,IRGC 127942,93,146,7,25,590.3,4919
ISAH,WS2021,3,Sukhadhan 5,89,130,7,24,420.1,3501
ISAH,WS2021,3,IRGC 127968,,,,,,
ISAH,WS2021,3,IRGC 128051,104,130,10,28,480,4000
ISAH,WS2021,3,IRGC 128025,112,133,7,31,350.4,2920
ISAH,WS2021,3,IRGC 132033,113,109,8,23,190.8,1712
ISAH,WS2021,3,IRGC 127869,87,126,8,22,400.1,3334
ISAH,WS2021,3,IRGC 128071,96,141,8,25,520,5056
ISAH,WS2021,3,IRGC 128200,,,,,,
ISAH,WS2021,3,IRGC 127443,91,115,8,23,360.4,3234
ISAH,WS2021,3,IRGC 125648,96,137,10,25,420,3500
ISAH,WS2021,3,IRGC 128090,94,142,8,27,450.9,3758
ISAH,WS2021,3,IRGC 127096,90,154,6,25,440.1,3668
ISAH,WS2021,3,IRGC 127933,89,170,8,29,330.8,2757
ISAH,WS2021,3,IRGC 125887,101,127,8,26,270.5,2254
ISAH,WS2021,3,Sahabagidhan,82,115,7,25,470,3917
ISAH,WS2021,3,IRGC 128117,85,150,9,25,310.4,2587
ISAH,WS2021,3,IRGC 127684,98,163,10,28,370.8,3090
ISAH,WS2021,3,IRGC 125705,97,145,9,21,440.9,3674
ISAH,WS2021,3,Swarna,103,70,11,21,360.1,3232
ISAH,WS2021,3,IRGC 125869,95,121,9,21,600.4,5003
ISAH,WS2021,3,IRGC 125970,90,114,5,20,370.6,3088
ISAH,WS2021,3,Local Check-2,82,89,10,23,350.1,2918
ISAH,WS2021,3,IRGC 125850,94,138,7,28,520.9,4341
ISAH,WS2021,3,DRR DHAN 44,82,119,8,27,330.3,2753
ISAH,WS2021,3,IRGC 127975,89,144,10,26,620.4,5170
ISAH,WS2021,3,IRRI 123,83,102,8,24,470.8,3923
ISAH,WS2021,3,IRGC 125949,85,95,8,26,340.6,2838
ISAH,WS2021,3,IRGC 125802,91,148,4,25,390.2,3252
ISAH,WS2021,3,IRGC 128120,100,90,11,24,560.1,5027
ISAH,WS2021,3,IRGC 124442,103,93,9,18,480,4308
ISAH,WS2021,3,IRGC 126085,82,76,8,23,310.9,2864
ISAH,WS2021,3,IRGC 131976,86,99,6,25,360.3,3233
ISAH,WS2021,3,IRGC 127469,86,134,5,28,620.6,5569
ISAH,WS2021,3,IRGC 128020,84,73,7,23,280.4,2516
ISAH,WS2021,3,IRGC 128181,115,130,11,25,370.8,3415
ISAH,WS2021,3,IRGC 128281,68,166,21,26,240.1,2155
ISAH,WS2021,3,IRGC 125804,90,133,10,25,350.4,2920
ISAH,WS2021,3,IRGC 127040,100,130,9,22,430.2,3861
ISAH,WS2021,3,IRGC 122120,107,127,8,22,360.8,3238
ISAH,WS2021,3,IRGC 122098,85,124,6,25,570.1,4867
ISAH,WS2021,3,IRGC 128518,100,127,7,21,450.8,4046
ISAH,WS2021,3,IRRI 123,86,92,7,23,280.4,2454
ISAH,WS2021,3,IRGC 127953,96,140,7,26,250,2244
ISAH,WS2021,3,IRGC 126150,101,131,7,26,330.1,2962
ISAH,WS2021,3,IRGC 128137,94,147,6,26,710.2,6374
ISAH,WS2021,3,IRGC 128123,115,132,8,24,100,897
ISAH,WS2021,3,IRGC 127351,88,150,5,27,710.1,6717
ISAH,WS2021,3,IRGC 125890,89,89,6,25,290.3,2605
ISAH,WS2021,3,IRGC 122029,88,116,6,25,350.4,3145
ISAH,WS2021,3,IRGC 128323,79,149,6,28,610,5618
ISAH,WS2021,3,IRGC 125955,90,106,6,25,560.2,5299
ISAH,WS2021,3,IRGC 128108,106,128,8,22,310,2782
ISAH,WS2021,3,IRGC 127849,99,159,5,24,540.8,4853
ISAH,WS2021,3,IRGC 128350,97,164,6,26,290.4,2606
ISAH,WS2021,3,IRGC 128444,98,157,6,26,370.6,3326
ISAH,WS2021,3,IRGC 128040,89,161,8,25,390.2,3594
ISAH,WS2021,3,IRGC 127481,81,148,9,25,190.4,1709
ISAH,WS2021,3,IRGC 125873,86,110,9,25,330.1,2962
ISAH,WS2021,3,IRGC 126158,90,129,7,24,520.3,4669
ISAH,WS2021,3,BPT 5204,97,83,11,20,280.5,2584
ISAH,WS2021,3,IRGC 125664,96,172,7,27,430.2,3861
ISAH,WS2021,3,IRGC 127963,101,140,9,26,380.4,3414
ISAH,WS2021,3,IRGC 125859,82,95,8,26,370.1,3501
ISAH,WS2021,4,IRGC 132372,100,130,6,24,590.9,5303
ISAH,WS2021,4,IRGC 127926,108,145,8,27,590.8,5302
ISAH,WS2021,4,IRGC 122076,95,105,7,24,270,2423
ISAH,WS2021,4,IRGC 125609,74,91,8,25,460.8,4244
ISAH,WS2021,4,IRGC 127802,89,107,6,22,420.4,3679
ISAH,WS2021,4,IRGC 128126,100,139,8,26,350.6,3146
ISAH,WS2021,4,IRGC 132328,84,121,7,27,310.4,2859
ISAH,WS2021,4,IRGC 127131,94,148,7,26,350.4,3315
ISAH,WS2021,4,IRGC 126167,99,138,6,25,630.8,5661
ISAH,WS2021,4,IRGC 127124,68,112,6,26,200.2,1752
ISAH,WS2021,4,IRGC 128119,,,,,,
ISAH,WS2021,4,IRGC 127775,93,84,8,23,310.9,2790
ISAH,WS2021,4,IRGC 128092,91,137,7,24,570.4,5119
ISAH,WS2021,4,IRGC 127437,,,,,,
ISAH,WS2021,4,IRGC 127172,112,129,7,25,550.2,4938
ISAH,WS2021,4,IRGC 132337,86,131,5,24,320.3,2874
ISAH,WS2021,4,IRGC 127576,85,125,5,23,270.8,2430
ISAH,WS2021,4,IRGC 127536,89,148,7,26,440.4,4056
ISAH,WS2021,4,IRGC 125801,98,139,6,25,460.2,4353
ISAH,WS2021,4,IRGC 132423,103,149,7,27,280.5,2517
ISAH,WS2021,4,IRGC 127835,85,99,7,23,330.8,2969
ISAH,WS2021,4,IRGC 127970,90,144,7,29,310,2583
ISAH,WS2021,4,IRGC 125810,99,157,6,25,460.4,3837
ISAH,WS2021,4,IRRI 123,87,100,8,27,290.6,2422
ISAH,WS2021,4,IRGC 126216,97,166,7,28,450.7,3756
ISAH,WS2021,4,IRGC 127908,83,146,9,28,410.1,3418
ISAH,WS2021,4,Sahabagidhan,80,110,7,25,350.8,2923
ISAH,WS2021,4,IRGC 126270,100,138,8,26,530.1,4418
ISAH,WS2021,4,IRGC 127639,92,99,7,22,340.5,2838
ISAH,WS2021,4,IRGC 125961,97,87,6,22,270,2250
ISAH,WS2021,4,IRGC 127919,83,123,7,23,450.8,3757
ISAH,WS2021,4,DRR DHAN 44,88,109,6,26,360.4,3003
ISAH,WS2021,4,IRGC 128118,91,140,7,28,450.3,3753
ISAH,WS2021,4,IRGC 127773,84,146,7,25,360.1,3406
ISAH,WS2021,4,IRGC 127154,94,140,8,29,270,2423
ISAH,WS2021,4,IRGC 126974,101,157,6,31,290.4,2606
ISAH,WS2021,4,IRGC 127710,89,145,6,26,360.1,3232
ISAH,WS2021,4,IRGC 125630,96,141,7,30,340.8,3058
ISAH,WS2021,4,IRGC 125886,89,123,6,22,590.3,5298
ISAH,WS2021,4,IRGC 125973,86,99,5,22,140.2,1291
ISAH,WS2021,4,IRGC 132300,111,143,7,24,560.4,5029
ISAH,WS2021,4,IRGC 132256,101,122,13,23,90.2,809
ISAH,WS2021,4,IRGC 128041,98,147,6,24,270,2423
ISAH,WS2021,4,Swarna,83,106,7,23,300.6,2769
ISAH,WS2021,4,IRGC 127812,97,157,8,27,210.4,1888
ISAH,WS2021,4,IRGC 127282,88,150,5,31,560.8,5033
ISAH,WS2021,4,IRGC 125735,90,132,6,28,580.1,5487
ISAH,WS2021,4,IRGC 127937,90,142,5,25,430.4,3863
ISAH,WS2021,4,BPT 5204,97,77,6,19,210,1885
ISAH,WS2021,4,IRGC 126153,109,135,7,28,460.8,4135
ISAH,WS2021,4,IRGC 135566,,,,,,
ISAH,WS2021,4,IR 64,83,89,7,24,390.1,3501
ISAH,WS2021,4,IRGC 128129,115,143,10,27,430,3583
ISAH,WS2021,4,IRGC 127160,90,145,7,27,630.1,5804
ISAH,WS2021,4,IRGC 127801,91,141,4,24,160.7,1442
ISAH,WS2021,4,IRGC 128018,86,124,8,24,390.2,3502
ISAH,WS2021,4,Swarna,101,87,9,25,460.9,4136
ISAH,WS2021,4,IRGC 127677,,,,,,
ISAH,WS2021,4,IRGC 132279,99,143,9,28,720.5,6466
ISAH,WS2021,4,IRGC 126209,99,136,6,22,340.1,3052
ISAH,WS2021,4,IRGC 132357,90,154,7,26,210.4,1888
ISAH,WS2021,4,IRGC 127674,97,138,6,23,500.2,4607
ISAH,WS2021,4,IRGC 128138,103,142,6,26,510.8,4584
ISAH,WS2021,4,IRGC 127239,77,131,7,26,220.1,1975
ISAH,WS2021,4,IRGC 128489,79,148,6,30,290.5,2607
ISAH,WS2021,4,IRGC 125976,84,82,6,21,200.3,1798
ISAH,WS2021,4,Sukhadhan 5,,,,,,
ISAH,WS2021,4,IRGC 127996,115,146,9,25,520.5,4671
ISAH,WS2021,5,IRGC 117423,109,119,11,25,390.8,3507
ISAH,WS2021,5,BPT 5204,99,72,10,20,310.2,2857
ISAH,WS2021,5,Swarna,101,83,9,22,460.1,4129
ISAH,WS2021,5,IRGC 125715,92,73,8,22,380.3,3413
ISAH,WS2021,5,IRGC 127367,88,110,5,25,490.7,4404
ISAH,WS2021,5,IRGC 128001,104,154,8,28,410.4,3683
ISAH,WS2021,5,IRGC 131971,104,158,4,24,470.8,4454
ISAH,WS2021,5,IRGC 127612,95,160,6,25,250.2,2245
ISAH,WS2021,5,IRGC 127243,87,130,6,26,380.1,3501
ISAH,WS2021,5,IRGC 127292,80,138,6,23,410.8,3687
ISAH,WS2021,5,IRGC 127632,91,160,8,30,560.2,5027
ISAH,WS2021,5,IRGC 127068,95,108,7,24,250.9,2252
ISAH,WS2021,5,IRGC 128154,101,130,8,27,510.4,4701
ISAH,WS2021,5,IRGC 126174,101,84,9,24,270.9,2431
ISAH,WS2021,5,IRGC 127923,104,140,7,23,430.1,3860
ISAH,WS2021,5,BPT 5204,78,104,8,27,480.2,4423
ISAH,WS2021,5,IRGC 128160,107,139,8,24,570,5115
ISAH,WS2021,5,IRGC 127956,87,143,7,24,390.3,3503
ISAH,WS2021,5,IRGC 125858,99,169,5,27,470.1,4219
ISAH,WS2021,5,IRGC 128162,94,139,8,25,390.7,3696
ISAH,WS2021,5,IRGC 122276,95,154,6,25,150,1346
ISAH,WS2021,5,IRGC 131980,88,138,7,31,200.1,1796
ISAH,WS2021,5,IRGC 127747,97,167,5,27,480.4,4311
ISAH,WS2021,5,IRGC 125968,100,98,8,24,330.4,2965
ISAH,WS2021,5,IRGC 125863,89,150,7,30,750.2,6910
ISAH,WS2021,5,Sahabagidhan,77,110,7,25,410.8,3687
ISAH,WS2021,5,IRGC 128056,109,134,7,26,290,2603
ISAH,WS2021,5,IRGC 127195,104,156,9,26,410.3,3682
ISAH,WS2021,5,IRGC 128076,99,161,5,24,550.6,5071
ISAH,WS2021,5,IRGC 128214,94,124,5,25,70.9,591
ISAH,WS2021,5,IRGC 126178,115,128,8,25,570.2,4752
ISAH,WS2021,5,IRGC 126025,93,112,7,26,560.4,4670
ISAH,WS2021,5,IRGC 127053,76,98,6,24,320.7,2673
ISAH,WS2021,5,IRGC 125714,89,129,5,28,210.3,1753
ISAH,WS2021,5,IRGC 127864,88,138,6,29,400.7,3596
ISAH,WS2021,5,IRRI 123,88,84,10,26,300.4,2696
ISAH,WS2021,5,IRGC 126001,98,86,7,25,570.2,4752
ISAH,WS2021,5,IRGC 126084,98,85,10,25,310.8,2590
ISAH,WS2021,5,IRGC 127352,100,136,7,27,640.7,5339
ISAH,WS2021,5,IRGC 127538,90,102,8,28,310.8,2590
ISAH,WS2021,5,IRGC 120922,101,72,7,22,220.6,1838
ISAH,WS2021,5,IRGC 127839,85,93,8,24,350.2,2918
ISAH,WS2021,5,IR 64,83,89,9,25,470.3,3919
ISAH,WS2021,5,IRGC 125987,90,98,6,25,340.8,2840
ISAH,WS2021,5,IRGC 127227,89,142,7,27,510.4,4253
ISAH,WS2021,5,IRGC 125853,82,121,5,27,370.1,3084
ISAH,WS2021,5,IRGC 127128,83,147,7,31,330.8,2757
ISAH,WS2021,5,IRGC 121119,89,84,8,20,230,1917
ISAH,WS2021,5,IRGC 122286,88,88,7,25,270.4,2253
ISAH,WS2021,5,IRGC 128078,87,106,7,25,350.6,2922
ISAH,WS2021,5,IRGC 128067,99,144,8,26,380.7,3173
ISAH,WS2021,5,IRGC 122285,83,95,6,28,290.1,2418
ISAH,WS2021,5,IRGC 127201,91,135,7,27,480,4000
ISAH,WS2021,5,IRGC 128176,90,134,9,26,580.2,4835
ISAH,WS2021,5,Sukhadhan 5,,,,,,
ISAH,WS2021,5,IRGC 127881,80,147,6,25,310.7,2589
ISAH,WS2021,5,IRGC 125740,105,176,8,27,490,4083
ISAH,WS2021,5,IRGC 127946,90,157,6,28,560.3,4669
ISAH,WS2021,5,DRR DHAN 44,86,115,8,27,420.4,3503
ISAH,WS2021,5,IRGC 127123,82,143,7,29,310.9,2591
ISAH,WS2021,5,IRGC 125754,90,136,6,27,390,3250
ISAH,WS2021,5,IRGC 122099,88,127,6,28,550.7,4589
ISAH,WS2021,5,IRGC 125969,89,95,7,25,,
ISAH,WS2021,5,IRGC 128046,90,135,8,26,,
ISAH,WS2021,5,IRGC 121974,89,125,7,24,,
ISAH,WS2021,5,IRGC 127515,99,164,7,26,,
ISAH,WS2021,5,IRGC 126312,101,142,9,26,,
ISAH,WS2021,5,IRGC 125689,109,180,9,23,,
ISARC,WS2020,1,IRGC 125657,108.0,135.1,7.0,24.4,782.0,4561.7
ISARC,WS2020,1,IRGC 121441,113.0,156.0,6.0,26.2,576.0,3416.9
ISARC,WS2020,1,IRGC 126979,121.0,143.5,8.0,23.1,584.0,3524.1
ISARC,WS2020,1,Swarna,114.0,83.1,7.0,23.1,542.0,3161.7
ISARC,WS2020,1,IRGC 127713,106.0,165.0,9.0,24.8,300.0,1779.7
ISARC,WS2020,1,Sahabagidhan,85.0,110.0,5.0,23.8,440.0,2655.2
ISARC,WS2020,1,IRGC 132415,139.0,165.5,6.0,27.1,27.1,182.3
ISARC,WS2020,1,IRGC 127907,93.0,107.1,9.0,21.2,506.0,2951.7
ISARC,WS2020,1,IRGC 125647,115.0,137.3,7.0,24.6,496.0,3045.6
ISARC,WS2020,1,IRGC 128523,106.0,117.1,5.0,26.7,352.0,2200.0
ISARC,WS2020,1,IRGC 127411,113.0,152.4,5.0,29.2,570.0,3325.0
ISARC,WS2020,1,IRGC 128264,85.0,131.7,6.0,26.8,370.0,2194.9
ISARC,WS2020,1,IRGC 125765,101.0,158.1,6.0,26.5,384.0,2443.6
ISARC,WS2020,1,IRGC 128183,134.0,120.3,6.0,18.7,202.0,1178.3
ISARC,WS2020,1,IRGC 128202,136.0,120.6,6.0,20.8,268.0,1645.6
ISARC,WS2020,1,IRGC 127233,102.0,166.4,5.0,25.5,586.0,3418.3
ISARC,WS2020,1,MTU 1010,83.0,92.5,7.0,24.0,578.0,3371.7
ISARC,WS2020,1,IRGC 127305,109.0,83.4,7.0,22.7,500.0,3070.2
ISARC,WS2020,1,IRGC 121103,92.0,84.4,7.0,21.2,572.0,3393.2
ISARC,WS2020,1,IRGC 127231,98.0,139.3,7.0,26.0,662.0,3861.7
ISARC,WS2020,1,Sahabagidhan,86.0,74.2,7.0,23.0,338.0,1971.7
ISARC,WS2020,1,IRGC 132358,113.0,134.0,7.0,22.6,458.0,3484.8
ISARC,WS2020,1,IRGC 127145,84.0,130.8,5.0,25.1,292.0,1965.4
ISARC,WS2020,1,HUR1309,84.0,126.1,5.0,23.8,274.0,1957.1
ISARC,WS2020,1,IRGC 127444,100.0,150.2,9.0,23.4,378.0,2450.0
ISARC,WS2020,1,IRGC 128496,111.0,146.1,5.0,27.6,252.0,1470.0
ISARC,WS2020,1,IRGC 128224,98.0,119.8,3.0,26.1,16.0,800.0
ISARC,WS2020,1,IRGC 128171,112.0,116.1,9.0,22.8,440.0,2566.7
ISARC,WS2020,1,IRGC 127060,95.0,97.5,4.0,21.4,116.0,780.8
ISARC,WS2020,1,IRGC 128174,113.0,153.0,5.0,26.7,546.0,3352.6
ISARC,WS2020,1,IRGC 125644,113.0,155.3,5.0,30.0,92.0,920.0
ISARC,WS2020,1,IRGC 131928,101.0,133.6,5.0,27.1,342.0,1995.0
ISARC,WS2020,1,IRGC 128105,120.0,107.1,7.0,23.9,98.0,581.4
ISARC,WS2020,1,IRGC 125681,115.0,171.3,7.0,27.1,274.0,1598.3
ISARC,WS2020,1,IRGC 127100,94.0,79.8,9.0,25.5,356.0,2076.7
ISARC,WS2020,1,IRGC 125637,92.0,123.8,9.0,24.9,420.0,2578.9
ISARC,WS2020,1,IRGC 127484,125.0,118.0,6.0,25.3,280.0,1689.7
ISARC,WS2020,1,IRGC 128116,136.0,91.8,8.0,20.4,20.0,127.3
ISARC,WS2020,1,IRGC 125867,96.0,148.1,4.0,29.4,298.0,1738.3
ISARC,WS2020,1,IRGC 132402,134.0,153.0,6.0,23.6,65.6,402.7
ISARC,WS2020,1,IRGC 128535,130.0,121.9,6.0,19.7,214.0,1314.0
ISARC,WS2020,1,IRGC 128110,134.0,103.9,6.0,20.3,138.0,805.0
ISARC,WS2020,1,IRGC 132035,136.0,134.9,6.0,21.8,36.0,213.6
ISARC,WS2020,1,IRGC 126961,100.0,96.4,6.0,25.6,326.0,2001.8
ISARC,WS2020,1,IRGC 128089,115.0,114.7,6.0,22.6,282.0,1701.7
ISARC,WS2020,1,IRGC 125956,97.0,89.2,6.0,22.9,330.0,1957.6
ISARC,WS2020,1,IRGC 132254,94.0,110.5,6.0,21.6,522.0,3205.3
ISARC,WS2020,1,IRGC 128013,115.0,123.0,12.0,24.4,366.0,2329.1
ISARC,WS2020,1,IRGC 125800,95.0,84.1,5.0,22.3,382.0,2228.3
ISARC,WS2020,1,IRGC 127782,122.0,140.3,7.0,24.2,304.0,1834.5
ISARC,WS2020,1,IRGC 127743,129.0,143.6,6.0,25.1,46.0,282.5
ISARC,WS2020,1,IRGC 128109,102.0,132.4,5.0,26.7,116.0,676.7
ISARC,WS2020,1,IRGC 132252,112.0,141.8,7.0,23.7,602.0,3571.2
ISARC,WS2020,1,Sarjoo 52,97.0,88.0,5.0,23.4,176.0,1162.3
ISARC,WS2020,1,IRGC 121316,102.0,127.0,6.0,22.9,446.0,2601.7
ISARC,WS2020,1,IRRI 123,96.0,97.2,8.0,25.4,294.0,1715.0
ISARC,WS2020,1,IRGC 125897,79.0,119.8,5.0,22.2,100.0,744.7
ISARC,WS2020,1,IRGC 121154,122.0,110.6,5.0,24.5,184.0,1170.9
ISARC,WS2020,1,IRGC 126123,91.0,120.8,8.0,24.7,440.0,2905.7
ISARC,WS2020,1,IRGC 127852,93.0,88.2,7.0,21.1,646.0,4110.9
ISARC,WS2020,1,IRGC 127333,113.0,141.4,5.0,26.1,562.0,3333.9
ISARC,WS2020,1,IRGC 126062,115.0,134.6,9.0,24.5,378.0,2450.0
ISARC,WS2020,1,IRGC 128074,116.0,146.7,4.0,28.3,520.0,3084.7
ISARC,WS2020,1,IRGC 122140,100.0,75.1,7.0,22.3,580.0,3561.4
ISARC,WS2020,1,IRGC 122089,97.0,75.2,7.0,21.1,408.0,2380.0
ISARC,WS2020,1,IRGC 127556,115.0,148.7,5.0,23.8,522.0,3096.6
ISARC,WS2020,1,IRGC 121474,86.0,78.5,6.0,18.6,486.0,2984.2
ISARC,WS2020,1,BPT 5204,113.0,83.7,7.0,21.4,476.0,3029.1
ISARC,WS2020,2,IRGC 125972,94.0,88.4,8.0,22.5,480.0,2847.5
ISARC,WS2020,2,IRGC 132364,135.0,131.8,6.0,26.8,376.0,2193.3
ISARC,WS2020,2,IRGC 125979,106.0,63.7,6.0,17.4,,
ISARC,WS2020,2,HUR1309,100.0,97.8,8.0,21.0,458.0,2671.7
ISARC,WS2020,2,IRGC 127159,91.0,120.8,5.0,23.7,400.0,2333.3
ISARC,WS2020,2,IRGC 128072,114.0,119.4,6.0,24.7,458.0,2671.7
ISARC,WS2020,2,IRGC 126236,138.0,98.4,5.0,20.7,10.7,65.4
ISARC,WS2020,2,IRGC 135569,98.0,108.2,2.0,22.7,104.0,2600.0
ISARC,WS2020,2,IRGC 132267,139.0,130.8,4.0,22.8,13.9,85.2
ISARC,WS2020,2,IRGC 132359,114.0,86.9,7.0,23.7,372.0,2244.8
ISARC,WS2020,2,IRGC 126162,129.0,117.9,4.0,21.9,194.0,1212.5
ISARC,WS2020,2,IRGC 128439,125.0,142.6,6.0,29.6,304.0,1773.3
ISARC,WS2020,2,IRGC 128252,92.0,91.0,5.0,18.7,238.0,1461.4
ISARC,WS2020,2,IRGC 127434,93.0,81.7,7.0,23.7,368.0,2341.8
ISARC,WS2020,2,IRGC 127901,93.0,139.5,4.0,24.8,402.0,2468.4
ISARC,WS2020,2,IRGC 127631,114.0,144.5,5.0,26.5,308.0,3266.7
ISARC,WS2020,2,IRGC 127563,104.0,111.3,4.0,27.1,394.0,2377.6
ISARC,WS2020,2,IRGC 127537,135.0,116.5,6.0,24.2,162.0,945.0
ISARC,WS2020,2,IRGC 122292,114.0,127.3,9.0,25.7,260.0,1596.5
ISARC,WS2020,2,IRGC 128098,127.0,108.4,6.0,22.5,84.0,490.0
ISARC,WS2020,2,Swarna,111.0,76.8,7.0,20.8,478.0,2788.3
ISARC,WS2020,2,IRGC 128223,92.0,128.8,4.0,27.7,356.0,2186.0
ISARC,WS2020,2,IRGC 125953,92.0,123.8,5.0,25.0,648.0,3780.0
ISARC,WS2020,2,Sarjoo 52,90.0,79.5,8.0,23.2,248.0,1446.7
ISARC,WS2020,2,IRGC 127929,114.0,124.4,6.0,25.0,476.0,2776.7
ISARC,WS2020,2,IRGC 127634,107.0,137.3,4.0,25.1,456.0,2660.0
ISARC,WS2020,2,IRGC 127454,100.0,92.0,7.0,23.6,188.0,1196.4
ISARC,WS2020,2,IRGC 125880,120.0,113.4,7.0,21.6,292.0,1762.1
ISARC,WS2020,2,IRGC 127106,117.0,124.3,6.0,24.6,254.0,1975.6
ISARC,WS2020,2,IRGC 127256,108.0,85.3,6.0,24.1,198.0,1155.0
ISARC,WS2020,2,IRGC 127447,98.0,145.1,5.0,26.0,374.0,2469.8
ISARC,WS2020,2,IRGC 132316,116.0,116.1,8.0,25.7,294.0,1744.1
ISARC,WS2020,2,IRGC 127822,111.0,125.4,4.0,24.4,382.0,2345.6
ISARC,WS2020,2,IRGC 125684,114.0,123.8,6.0,23.3,312.0,1850.8
ISARC,WS2020,2,IRGC 128044,118.0,102.3,8.0,20.4,234.0,1365.0
ISARC,WS2020,2,IRGC 127129,92.0,141.7,5.0,27.9,310.0,1808.3
ISARC,WS2020,2,IRGC 128047,134.0,113.4,5.0,23.1,4.0,23.3
ISARC,WS2020,2,IRGC 127650,93.0,146.9,7.0,29.1,492.0,3021.1
ISARC,WS2020,2,IRRI 123,94.0,98.0,6.0,24.6,536.0,3410.9
ISARC,WS2020,2,IRGC 127301,91.0,121.8,8.0,25.2,528.0,3080.0
ISARC,WS2020,2,IRGC 127974,129.0,140.6,9.0,28.2,104.0,638.6
ISARC,WS2020,2,IRGC 127689,92.0,146.2,6.0,24.8,502.0,2928.3
ISARC,WS2020,2,IRGC 127001,91.0,137.2,8.0,24.7,94.0,700.0
ISARC,WS2020,2,BPT 5204,111.0,89.2,8.0,24.0,444.0,2590.0
ISARC,WS2020,2,IRGC 126966,100.0,93.4,7.0,26.9,658.0,4428.8
ISARC,WS2020,2,Sahabagidhan,91.0,105.3,4.0,24.4,396.0,2828.6
ISARC,WS2020,2,IRGC 127281,104.0,161.7,7.0,30.4,126.0,832.1
ISARC,WS2020,2,IRGC 126170,109.0,146.5,5.0,30.5,586.0,3418.3
ISARC,WS2020,2,IRGC 128156,112.0,143.4,5.0,23.1,460.0,2927.3
ISARC,WS2020,2,IRGC 127251,108.0,150.1,7.0,23.3,516.0,3168.4
ISARC,WS2020,2,IRGC 128091,113.0,148.9,5.0,24.8,292.0,1732.2
ISARC,WS2020,2,IRGC 125966,97.0,86.5,6.0,21.7,474.0,3130.2
ISARC,WS2020,2,IRGC 132371,93.0,97.8,8.0,22.9,250.0,1861.7
ISARC,WS2020,2,IRGC 125766,90.0,113.7,7.0,21.2,496.0,2942.4
ISARC,WS2020,2,IRGC 132291,139.0,110.3,6.0,21.8,29.4,180.2
ISARC,WS2020,2,Sarjoo 52,93.0,92.9,8.0,22.9,414.0,2786.5
ISARC,WS2020,2,IRGC 127848,88.0,116.7,7.0,24.0,498.0,3057.9
ISARC,WS2020,2,IRGC 132424,106.0,134.7,12.0,21.8,352.0,2464.0
ISARC,WS2020,2,IRGC 131972,141.0,110.3,7.0,22.3,,
ISARC,WS2020,2,IRGC 128483,104.0,143.7,4.0,26.0,602.0,3830.9
ISARC,WS2020,2,IRGC 127745,108.0,128.3,5.0,25.2,478.0,2935.1
ISARC,WS2020,2,IR 64,90.0,90.3,8.0,23.7,454.0,3055.8
ISARC,WS2020,2,IRGC 127102,100.0,106.4,6.0,25.7,392.0,5081.5
ISARC,WS2020,2,IRGC 128000,125.0,118.0,12.0,21.8,228.0,1330.0
ISARC,WS2020,2,IRGC 127964,112.0,135.3,5.0,23.9,296.0,1755.9
ISARC,WS2020,2,IRGC 127107,122.0,132.7,6.0,24.3,234.0,1365.0
ISARC,WS2020,2,IRGC 128157,135.0,145.3,5.0,23.2,20.0,155.6
ISARC,WS2020,2,IRGC 121342,112.0,146.4,7.0,36.1,358.0,2198.2
ISARC,WS2020,3,IRGC 125990,93.0,97.7,8.0,24.4,358.0,2088.3
ISARC,WS2020,3,IRGC 127614,113.0,140.8,6.0,27.1,470.0,2886.0
ISARC,WS2020,3,IRGC 127884,111.0,128.0,6.0,23.1,408.0,2694.3
ISARC,WS2020,3,IRGC 125959,92.0,103.3,8.0,24.0,110.0,1327.6
ISARC,WS2020,3,IRGC 127942,108.0,135.7,6.0,24.8,620.0,3678.0
ISARC,WS2020,3,HUR1309,100.0,93.4,5.0,21.4,424.0,2603.5
ISARC,WS2020,3,IRGC 127968,106.0,131.7,5.0,22.8,406.0,2583.6
ISARC,WS2020,3,IRGC 128051,134.0,119.5,9.0,26.6,128.0,759.3
ISARC,WS2020,3,IRGC 128025,132.0,105.7,8.0,23.8,82.0,503.5
ISARC,WS2020,3,IRGC 132033,100.0,151.5,5.0,28.1,422.0,2840.4
ISARC,WS2020,3,IRGC 127869,130.0,88.8,6.0,18.8,24.0,142.4
ISARC,WS2020,3,IRGC 128071,91.0,112.1,3.0,25.2,,
ISARC,WS2020,3,IRGC 128200,116.0,127.4,6.0,27.7,194.0,1131.7
ISARC,WS2020,3,IRGC 127443,137.0,126.3,9.0,22.7,,
ISARC,WS2020,3,IRGC 125648,106.0,117.4,7.0,25.0,636.0,3710.0
ISARC,WS2020,3,IRGC 128090,113.0,129.4,6.0,29.3,472.0,2898.2
ISARC,WS2020,3,IRGC 127096,113.0,121.7,6.0,23.1,382.0,2228.3
ISARC,WS2020,3,IRGC 127933,86.0,131.8,7.0,24.3,322.0,2167.3
ISARC,WS2020,3,IRGC 125887,110.0,98.4,5.0,23.7,292.0,1703.3
ISARC,WS2020,3,Sahabagidhan,89.0,120.1,7.0,24.7,280.0,1719.3
ISARC,WS2020,3,IRGC 128117,126.0,161.2,7.0,26.4,104.0,2800.0
ISARC,WS2020,3,IRGC 127684,112.0,140.7,8.0,28.3,566.0,3301.7
ISARC,WS2020,3,IRGC 125705,125.0,122.6,8.0,22.3,222.0,1339.7
ISARC,WS2020,3,Swarna,108.0,88.7,6.0,21.0,426.0,2485.0
ISARC,WS2020,3,IRGC 125869,111.0,112.2,5.0,20.6,540.0,3150.0
ISARC,WS2020,3,IRGC 125970,104.0,135.5,5.0,27.6,218.0,1623.4
ISARC,WS2020,3,HUR1309,90.0,81.8,6.0,24.7,246.0,1459.3
ISARC,WS2020,3,IRGC 125850,121.0,110.7,8.0,23.7,152.0,933.3
ISARC,WS2020,3,Sarjoo 52,95.0,94.5,5.0,24.1,572.0,3336.7
ISARC,WS2020,3,IRGC 127975,107.0,131.4,6.0,23.8,798.0,4900.0
ISARC,WS2020,3,IRRI 123,89.0,100.4,8.0,25.2,442.0,2578.3
ISARC,WS2020,3,IRGC 125949,91.0,102.0,5.0,26.6,410.0,2657.4
ISARC,WS2020,3,IRGC 125802,96.0,157.9,6.0,24.1,222.0,2877.8
ISARC,WS2020,3,IRGC 128120,130.0,141.1,7.0,23.2,22.0,135.1
ISARC,WS2020,3,IRGC 124442,134.0,163.3,5.0,24.3,58.0,390.4
ISARC,WS2020,3,IRGC 126085,92.0,75.2,9.0,21.3,352.0,2053.3
ISARC,WS2020,3,IRGC 131976,89.0,114.1,7.0,24.7,774.0,4515.0
ISARC,WS2020,3,IRGC 127469,104.0,158.4,6.0,25.8,510.0,3025.4
ISARC,WS2020,3,IRGC 128020,92.0,72.2,11.0,21.2,492.0,3021.1
ISARC,WS2020,3,IRGC 128181,120.0,143.3,8.0,24.0,404.0,2480.7
ISARC,WS2020,3,IRGC 128281,90.0,95.1,3.0,19.7,60.0,1235.3
ISARC,WS2020,3,IRGC 125804,102.0,130.8,7.0,21.8,322.0,2126.4
ISARC,WS2020,3,IRGC 127040,110.0,142.5,7.0,24.4,270.0,1750.0
ISARC,WS2020,3,IRGC 122120,149.0,105.1,9.0,22.0,24.5,174.7
ISARC,WS2020,3,IRGC 122098,91.0,106.2,5.0,25.3,498.0,3057.9
ISARC,WS2020,3,IRGC 128518,121.0,113.1,6.0,22.6,254.0,1559.6
ISARC,WS2020,3,IRRI 123,96.0,96.0,6.0,23.5,556.0,3298.3
ISARC,WS2020,3,IRGC 127953,112.0,159.7,5.0,29.2,368.0,2430.2
ISARC,WS2020,3,IRGC 126150,114.0,132.3,6.0,24.3,210.0,1336.4
ISARC,WS2020,3,IRGC 128137,116.0,145.0,7.0,26.0,508.0,3119.3
ISARC,WS2020,3,IRGC 128123,136.0,103.2,6.0,19.7,,
ISARC,WS2020,3,IRGC 127351,108.0,162.8,6.0,26.1,560.0,3266.7
ISARC,WS2020,3,IRGC 125890,95.0,80.5,5.0,23.1,442.0,2578.3
ISARC,WS2020,3,IRGC 122029,94.0,113.4,5.0,24.8,552.0,3450.0
ISARC,WS2020,3,IRGC 128323,90.0,132.1,5.0,23.7,414.0,2415.0
ISARC,WS2020,3,IRGC 125955,106.0,96.2,6.0,23.0,442.0,2714.0
ISARC,WS2020,3,IRGC 128108,132.0,114.3,6.0,25.1,150.0,875.0
ISARC,WS2020,3,IRGC 127849,113.0,143.5,6.0,25.2,358.0,2088.3
ISARC,WS2020,3,IRGC 128350,113.0,143.1,7.0,28.4,464.0,2752.5
ISARC,WS2020,3,IRGC 128444,140.0,85.3,7.0,18.8,5.3,35.8
ISARC,WS2020,3,IRGC 128040,97.0,150.1,5.0,25.4,354.0,2173.7
ISARC,WS2020,3,IRGC 127481,90.0,135.7,8.0,25.8,182.0,1158.2
ISARC,WS2020,3,IRGC 125873,93.0,91.0,6.0,20.2,368.0,2259.6
ISARC,WS2020,3,IRGC 126158,113.0,123.1,7.0,24.0,660.0,3915.3
ISARC,WS2020,3,BPT 5204,107.0,85.7,7.0,21.7,354.0,2065.0
ISARC,WS2020,3,IRGC 125664,112.0,169.0,6.0,30.6,174.0,1107.3
ISARC,WS2020,3,IRGC 127963,113.0,127.3,7.0,23.2,410.0,2517.5
ISARC,WS2020,3,IRGC 125859,91.0,83.4,4.0,22.6,166.0,1001.7
ISARC,WS2020,4,IRGC 132372,112.0,146.0,6.0,24.3,620.0,3678.0
ISARC,WS2020,4,IRGC 127926,133.0,137.8,7.0,24.1,62.0,361.7
ISARC,WS2020,4,IRGC 122076,112.0,124.3,6.0,26.7,542.0,3161.7
ISARC,WS2020,4,IRGC 125609,92.0,90.5,7.0,25.1,192.0,2100.0
ISARC,WS2020,4,IRGC 127802,96.0,111.5,6.0,22.8,574.0,3348.3
ISARC,WS2020,4,IRGC 128126,116.0,152.8,11.0,29.3,250.0,1508.6
ISARC,WS2020,4,IRGC 132328,91.0,126.6,1.0,26.4,168.0,1251.1
ISARC,WS2020,4,IRGC 127131,94.0,137.5,5.0,26.2,528.0,3242.1
ISARC,WS2020,4,IRGC 126167,129.0,117.1,9.0,24.4,114.0,752.8
ISARC,WS2020,4,IRGC 127124,83.0,108.0,6.0,20.5,88.0,560.0
ISARC,WS2020,4,IRGC 128119,140.0,114.3,5.0,23.0,1.0,6.3
ISARC,WS2020,4,IRGC 127775,98.0,99.2,5.0,23.2,500.0,2916.7
ISARC,WS2020,4,IRGC 128092,112.0,148.5,8.0,23.3,674.0,3931.7
ISARC,WS2020,4,IRGC 127437,140.0,135.7,6.0,23.8,6.0,35.5
ISARC,WS2020,4,IRGC 127172,139.0,116.3,8.0,21.1,,
ISARC,WS2020,4,IRGC 132337,96.0,114.7,6.0,24.3,92.0,1788.9
ISARC,WS2020,4,IRGC 127576,91.0,120.0,6.0,22.7,560.0,3438.6
ISARC,WS2020,4,IRGC 127536,109.0,154.5,4.0,24.1,550.0,3437.5
ISARC,WS2020,4,IRGC 125801,122.0,136.3,5.0,25.6,314.0,1928.1
ISARC,WS2020,4,IRGC 132423,103.0,157.0,4.0,32.6,372.0,3720.0
ISARC,WS2020,4,IRGC 127835,93.0,90.0,6.0,22.5,542.0,3328.1
ISARC,WS2020,4,IRGC 127970,102.0,147.5,7.0,24.4,446.0,2738.6
ISARC,WS2020,4,IRGC 125810,98.0,171.2,7.0,28.0,566.0,3475.4
ISARC,WS2020,4,IRRI 123,96.0,108.0,6.0,24.5,346.0,2328.8
ISARC,WS2020,4,IRGC 126216,122.0,158.3,5.0,27.0,136.0,865.5
ISARC,WS2020,4,IRGC 127908,92.0,134.7,8.0,25.2,296.0,1817.5
ISARC,WS2020,4,Sahabagidhan,92.0,129.8,8.0,26.7,148.0,3984.6
ISARC,WS2020,4,IRGC 126270,113.0,128.0,7.0,25.0,622.0,3819.3
ISARC,WS2020,4,IRGC 127639,93.0,88.6,8.0,23.7,740.0,4316.7
ISARC,WS2020,4,IRGC 125961,115.0,80.6,6.0,25.2,466.0,2764.4
ISARC,WS2020,4,IRGC 127919,91.0,104.3,8.0,21.0,282.0,1898.1
ISARC,WS2020,4,Sarjoo 52,94.0,88.5,5.0,23.9,488.0,2996.5
ISARC,WS2020,4,IRGC 128118,115.0,109.3,9.0,23.3,552.0,3274.6
ISARC,WS2020,4,IRGC 127773,92.0,125.3,9.0,27.0,284.0,2424.4
ISARC,WS2020,4,IRGC 127154,96.0,130.7,5.0,25.7,528.0,3186.2
ISARC,WS2020,4,IRGC 126974,138.0,130.7,5.0,26.1,62.0,361.7
ISARC,WS2020,4,IRGC 127710,104.0,138.8,8.0,27.3,392.0,2450.0
ISARC,WS2020,4,IRGC 125630,110.0,130.1,7.0,22.1,468.0,2824.1
ISARC,WS2020,4,IRGC 125886,113.0,119.0,6.0,22.3,636.0,3710.0
ISARC,WS2020,4,IRGC 125973,100.0,94.6,8.0,24.7,240.0,1400.0
ISARC,WS2020,4,IRGC 132300,129.0,125.4,6.0,23.1,288.0,1708.5
ISARC,WS2020,4,IRGC 132256,116.0,115.4,9.0,19.7,232.0,1476.4
ISARC,WS2020,4,IRGC 128041,120.0,130.6,5.0,25.1,176.0,1026.7
ISARC,WS2020,4,Swarna,90.0,95.9,6.0,22.6,286.0,1696.6
ISARC,WS2020,4,IRGC 127812,93.0,161.2,7.0,27.0,376.0,2193.3
ISARC,WS2020,4,IRGC 127282,91.0,138.1,5.0,26.1,538.0,3138.3
ISARC,WS2020,4,IRGC 125735,116.0,122.5,6.0,26.8,446.0,2691.4
ISARC,WS2020,4,IRGC 127937,113.0,134.0,6.0,27.8,598.0,3608.6
ISARC,WS2020,4,BPT 5204,111.0,77.7,7.0,21.7,296.0,1992.3
ISARC,WS2020,4,IRGC 126153,139.0,121.6,6.0,20.4,11.8,72.6
ISARC,WS2020,4,IRGC 135566,144.0,115.2,6.0,21.8,6.5,37.7
ISARC,WS2020,4,IR 64,91.0,79.9,8.0,23.3,298.0,1829.8
ISARC,WS2020,4,IRGC 128129,135.0,125.3,7.0,25.9,52.0,303.3
ISARC,WS2020,4,IRGC 127160,113.0,118.7,6.0,24.1,32.0,196.5
ISARC,WS2020,4,IRGC 127801,88.0,100.5,4.0,21.0,70.0,597.6
ISARC,WS2020,4,IRGC 128018,115.0,104.3,11.0,27.5,468.0,2776.3
ISARC,WS2020,4,Swarna,106.0,75.7,7.0,22.0,458.0,2671.7
ISARC,WS2020,4,IRGC 127677,134.0,133.1,6.0,25.0,52.0,308.5
ISARC,WS2020,4,IRGC 132279,116.0,110.7,9.0,23.0,438.0,2555.0
ISARC,WS2020,4,IRGC 126209,113.0,117.0,7.0,25.3,448.0,2613.3
ISARC,WS2020,4,IRGC 132357,115.0,129.3,7.0,24.0,96.0,1120.0
ISARC,WS2020,4,IRGC 127674,113.0,130.3,5.0,21.1,510.0,3131.6
ISARC,WS2020,4,IRGC 128138,136.0,107.5,8.0,23.6,288.0,1768.4
ISARC,WS2020,4,IRGC 127239,93.0,105.5,5.0,24.1,134.0,822.8
ISARC,WS2020,4,IRGC 128489,92.0,130.7,4.0,26.7,132.0,1155.0
ISARC,WS2020,4,IRGC 125976,93.0,77.7,7.0,21.2,316.0,1940.4
ISARC,WS2020,4,HUR1309,99.0,95.8,8.0,21.8,488.0,2846.7
ISARC,WS2020,4,IRGC 127996,115.0,146.0,7.0,25.3,494.0,2881.7
ISARC,WS2020,5,IRGC 117423,116.0,116.8,7.0,23.5,400.0,2500.0
ISARC,WS2020,5,BPT 5204,104.0,77.1,9.0,22.6,502.0,2978.0
ISARC,WS2020,5,Swarna,106.0,81.0,10.0,24.2,736.0,4366.1
ISARC,WS2020,5,IRGC 125715,100.0,83.5,9.0,21.3,460.0,2927.3
ISARC,WS2020,5,IRGC 127367,92.0,101.8,6.0,22.2,408.0,2550.0
ISARC,WS2020,5,IRGC 128001,116.0,144.2,8.0,25.4,142.0,871.9
ISARC,WS2020,5,IRGC 131971,130.0,140.8,8.0,25.5,78.0,455.0
ISARC,WS2020,5,IRGC 127612,100.0,156.9,5.0,24.4,262.0,1871.4
ISARC,WS2020,5,IRGC 127243,93.0,116.4,5.0,22.7,354.0,2429.4
ISARC,WS2020,5,IRGC 127292,89.0,139.3,8.0,22.7,180.0,1105.3
ISARC,WS2020,5,IRGC 127632,114.0,135.4,6.0,26.3,696.0,4273.7
ISARC,WS2020,5,IRGC 127068,98.0,112.2,6.0,26.5,386.0,2251.7
ISARC,WS2020,5,IRGC 128154,122.0,135.0,17.0,23.5,362.0,2147.5
ISARC,WS2020,5,IRGC 126174,101.0,92.5,8.0,25.4,306.0,1878.9
ISARC,WS2020,5,IRGC 127923,134.0,131.0,9.0,26.1,234.0,1436.8
ISARC,WS2020,5,BPT 5204,91.0,89.2,7.0,23.2,574.0,3587.5
ISARC,WS2020,5,IRGC 128160,133.0,138.7,9.0,23.9,78.0,462.7
ISARC,WS2020,5,IRGC 127956,119.0,135.1,8.0,27.0,218.0,1338.6
ISARC,WS2020,5,IRGC 125858,122.0,154.0,6.0,28.4,364.0,2123.3
ISARC,WS2020,5,IRGC 128162,111.0,140.1,5.0,26.8,436.0,2586.4
ISARC,WS2020,5,IRGC 122276,92.0,126.8,4.0,28.3,176.0,1579.5
ISARC,WS2020,5,IRGC 131980,108.0,177.7,6.0,27.6,248.0,1578.2
ISARC,WS2020,5,IRGC 127747,106.0,163.7,8.0,26.6,676.0,3943.3
ISARC,WS2020,5,IRGC 125968,106.0,101.6,8.0,25.6,412.0,3353.5
ISARC,WS2020,5,IRGC 125863,100.0,143.5,4.0,27.7,614.0,3581.7
ISARC,WS2020,5,Sahabagidhan,93.0,115.4,5.0,25.3,194.0,2121.9
ISARC,WS2020,5,IRGC 128056,139.0,113.5,6.0,24.5,,
ISARC,WS2020,5,IRGC 127195,134.0,150.7,6.0,25.1,26.0,175.0
ISARC,WS2020,5,IRGC 128076,114.0,172.4,4.0,24.0,630.0,3737.3
ISARC,WS2020,5,IRGC 128214,93.0,109.4,5.0,18.8,216.0,1374.5
ISARC,WS2020,5,IRGC 126178,139.0,110.0,5.0,21.1,28.0,188.5
ISARC,WS2020,5,IRGC 126025,114.0,103.8,5.0,27.0,766.0,4703.5
ISARC,WS2020,5,IRGC 127053,83.0,80.8,8.0,21.2,288.0,1832.7
ISARC,WS2020,5,IRGC 125714,91.0,151.8,6.0,27.7,202.0,1910.8
ISARC,WS2020,5,IRGC 127864,108.0,154.4,6.0,25.2,550.0,3208.3
ISARC,WS2020,5,IRRI 123,98.0,105.2,7.0,24.7,776.0,4603.4
ISARC,WS2020,5,IRGC 126001,100.0,101.8,10.0,21.5,808.0,4713.3
ISARC,WS2020,5,IRGC 126084,102.0,93.8,7.0,22.3,478.0,2788.3
ISARC,WS2020,5,IRGC 127352,127.0,137.4,5.0,26.3,382.0,2305.2
ISARC,WS2020,5,IRGC 127538,83.0,93.7,8.0,23.3,364.0,2235.1
ISARC,WS2020,5,IRGC 120922,98.0,87.5,6.0,22.3,494.0,2881.7
ISARC,WS2020,5,IRGC 127839,97.0,146.1,6.0,25.4,428.0,2628.1
ISARC,WS2020,5,IR 64,91.0,84.1,7.0,21.7,282.0,1731.6
ISARC,WS2020,5,IRGC 125987,93.0,98.7,6.0,23.7,346.0,2124.6
ISARC,WS2020,5,IRGC 127227,113.0,157.7,12.0,29.1,510.0,3025.4
ISARC,WS2020,5,IRGC 125853,93.0,141.2,7.0,27.5,568.0,3313.3
ISARC,WS2020,5,IRGC 127128,91.0,156.4,7.0,31.0,464.0,2706.7
ISARC,WS2020,5,IRGC 121119,88.0,94.5,6.0,21.5,556.0,3243.3
ISARC,WS2020,5,IRGC 122286,98.0,93.0,7.0,30.1,318.0,1952.6
ISARC,WS2020,5,IRGC 128078,115.0,161.1,6.0,25.7,330.0,1991.4
ISARC,WS2020,5,IRGC 128067,131.0,150.2,6.0,25.3,510.0,3131.6
ISARC,WS2020,5,IRGC 122285,91.0,95.7,5.0,23.8,300.0,1909.1
ISARC,WS2020,5,IRGC 127201,98.0,151.8,6.0,27.9,724.0,4223.3
ISARC,WS2020,5,IRGC 128176,90.0,102.1,12.0,22.8,290.0,1845.5
ISARC,WS2020,5,HUR1309,101.0,97.4,9.0,19.9,428.0,2628.1
ISARC,WS2020,5,IRGC 127881,96.0,164.4,5.0,26.6,480.0,2896.6
ISARC,WS2020,5,IRGC 125740,119.0,150.3,4.0,31.0,280.0,1661.0
ISARC,WS2020,5,IRGC 127946,104.0,137.8,4.0,24.4,412.0,2827.5
ISARC,WS2020,5,Sarjoo 52,96.0,96.5,6.0,22.2,426.0,2615.8
ISARC,WS2020,5,IRGC 127123,98.0,129.2,8.0,28.8,196.0,1294.3
ISARC,WS2020,5,IRGC 125754,113.0,127.3,7.0,27.5,680.0,4033.9
ISARC,WS2020,5,IRGC 122099,89.0,106.8,5.0,24.3,566.0,4042.9
ISARC,WS2020,5,IRGC 125969,91.0,89.0,6.0,19.1,356.0,2350.9
ISARC,WS2020,5,IRGC 128046,110.0,119.7,9.0,25.3,428.0,2496.7
ISARC,WS2020,5,IRGC 121974,89.0,126.5,7.0,23.4,206.0,1335.2
ISARC,WS2020,5,IRGC 127515,114.0,171.1,5.0,29.7,500.0,3070.2
ISARC,WS2020,5,IRGC 126312,109.0,136.3,7.0,25.8,160.0,1191.5
ISARC,WS2020,5,IRGC 125689,139.0,165.4,9.0,22.1,13.9,80.9
ISARC,WS2021,1,IRGC 125657,120.0,151.6,7.7,28.9,113.0,5136.4
ISARC,WS2021,1,IRGC 121441,141.0,178.1,7.7,26.8,18.8,843.6
ISARC,WS2021,1,IRGC 126979,120.0,173.0,10.7,23.1,95.0,4104.9
ISARC,WS2021,1,Swarna,113.0,100.1,9.3,23.7,93.6,4044.4
ISARC,WS2021,1,IRGC 127713,120.0,188.9,8.3,25.1,27.0,1196.2
ISARC,WS2021,1,Sahabagi dhan,92.0,140.1,6.0,27.7,80.0,3456.8
ISARC,WS2021,1,IRGC 132415,155.0,152.3,5.3,27.4,12.6,544.4
ISARC,WS2021,1,IRGC 127907,92.0,118.6,8.0,26.0,93.0,4068.8
ISARC,WS2021,1,IRGC 125647,128.0,158.6,8.3,25.9,71.0,3067.9
ISARC,WS2021,1,IRGC 128523,112.0,127.7,7.0,29.8,48.0,2074.1
ISARC,WS2021,1,IRGC 127411,133.0,132.6,5.0,25.7,55.4,2393.8
ISARC,WS2021,1,IRGC 128264,84.0,154.0,7.3,26.6,68.6,2964.2
ISARC,WS2021,1,IRGC 125765,110.0,196.1,6.7,29.5,27.0,1166.7
ISARC,WS2021,1,IRGC 128183,151.0,120.8,6.3,17.5,29.0,1318.2
ISARC,WS2021,1,IRGC 128202,148.0,125.8,6.0,19.4,41.4,1834.2
ISARC,WS2021,1,IRGC 127233,120.0,171.6,5.3,25.9,86.0,3716.0
ISARC,WS2021,1,MTU 1010,87.0,102.7,9.7,26.6,91.8,3966.7
ISARC,WS2021,1,IRGC 127305,114.0,92.3,8.7,23.7,52.6,2272.8
ISARC,WS2021,1,IRGC 121103,93.0,108.7,8.0,24.2,87.0,3759.3
ISARC,WS2021,1,IRGC 127231,96.0,147.0,9.0,32.8,115.0,4969.1
ISARC,WS2021,1,Sahabagi dhan,86.0,91.4,10.3,25.1,54.0,2423.1
ISARC,WS2021,1,IRGC 132358,128.0,146.6,6.0,22.4,81.0,3500.0
ISARC,WS2021,1,IRGC 127145,88.0,143.9,5.7,27.5,82.0,3543.2
ISARC,WS2021,1,HUR1309,92.0,161.1,7.0,25.6,64.6,2826.3
ISARC,WS2021,1,IRGC 127444,97.0,164.0,7.3,25.2,99.0,4277.8
ISARC,WS2021,1,IRGC 128496,120.0,154.2,4.7,28.4,20.2,918.2
ISARC,WS2021,1,IRGC 128224,130.0,139.3,6.3,21.6,64.4,2782.7
ISARC,WS2021,1,IRGC 128171,123.0,118.0,11.0,21.0,64.6,2791.4
ISARC,WS2021,1,IRGC 127060,90.0,111.5,5.3,22.0,44.6,2027.3
ISARC,WS2021,1,IRGC 128174,121.0,147.6,6.3,25.3,89.0,3845.7
ISARC,WS2021,1,IRGC 125644,120.0,156.6,5.7,26.9,16.0,708.9
ISARC,WS2021,1,IRGC 131928,106.0,166.0,7.3,30.4,65.0,2808.6
ISARC,WS2021,1,IRGC 128105,141.0,102.6,7.0,19.3,11.0,487.3
ISARC,WS2021,1,IRGC 125681,120.0,197.9,7.7,21.9,24.8,1071.6
ISARC,WS2021,1,IRGC 127100,93.0,98.7,7.3,26.3,65.4,3416.4
ISARC,WS2021,1,IRGC 125637,86.0,148.5,8.7,28.0,99.0,4277.8
ISARC,WS2021,1,IRGC 127484,146.0,120.4,10.0,24.1,35.8,1627.3
ISARC,WS2021,1,IRGC 128116,151.0,110.8,10.7,21.9,10.0,555.6
ISARC,WS2021,1,IRGC 125867,92.0,156.4,7.7,27.5,91.0,3932.1
ISARC,WS2021,1,IRGC 132402,150.0,175.9,9.0,22.1,1.0,44.3
ISARC,WS2021,1,IRGC 128535,147.0,166.6,8.0,20.0,21.0,907.4
ISARC,WS2021,1,IRGC 128110,147.0,148.3,7.7,19.7,11.0,475.3
ISARC,WS2021,1,IRGC 132035,150.0,157.1,6.7,21.8,9.2,397.5
ISARC,WS2021,1,IRGC 126961,104.0,120.6,8.3,25.1,92.2,3984.0
ISARC,WS2021,1,IRGC 128089,135.0,97.7,10.0,18.1,24.6,1063.0
ISARC,WS2021,1,IRGC 125956,95.0,87.1,8.7,21.6,80.0,3456.8
ISARC,WS2021,1,IRGC 132254,87.0,150.7,9.0,26.0,71.2,3076.5
ISARC,WS2021,1,IRGC 128013,122.0,152.7,8.3,24.7,22.0,987.2
ISARC,WS2021,1,IRGC 125800,84.0,104.1,8.0,24.4,49.4,2188.6
ISARC,WS2021,1,IRGC 127782,132.0,172.6,5.0,26.4,66.0,2851.9
ISARC,WS2021,1,IRGC 127743,132.0,164.5,5.7,24.8,75.0,3240.7
ISARC,WS2021,1,IRGC 128109,103.0,133.9,5.0,27.2,59.2,2558.0
ISARC,WS2021,1,IRGC 132252,125.0,140.8,6.7,21.7,105.0,4537.0
ISARC,WS2021,1,Sarjoo 52,93.0,100.1,9.0,25.1,49.6,2143.2
ISARC,WS2021,1,IRGC 121316,95.0,153.9,6.0,26.3,113.0,4882.7
ISARC,WS2021,1,IRRI 123,93.0,107.6,7.7,27.0,70.2,3033.3
ISARC,WS2021,1,IRGC 125897,80.0,130.3,4.7,21.2,97.2,4200.0
ISARC,WS2021,1,IRGC 121154,129.0,120.8,6.0,24.6,76.0,3367.1
ISARC,WS2021,1,IRGC 126123,81.0,154.1,6.7,33.3,76.0,3284.0
ISARC,WS2021,1,IRGC 127852,88.0,107.6,5.0,23.4,88.6,3828.4
ISARC,WS2021,1,IRGC 127333,132.0,150.4,6.7,25.7,62.0,2679.0
ISARC,WS2021,1,IRGC 126062,132.0,127.7,7.7,21.4,11.0,641.7
ISARC,WS2021,1,IRGC 128074,133.0,165.5,4.7,27.9,35.6,1577.2
ISARC,WS2021,1,IRGC 122140,107.0,86.3,7.3,22.5,67.2,2903.7
ISARC,WS2021,1,IRGC 122089,88.0,83.7,9.0,24.8,69.0,3057.0
ISARC,WS2021,1,IRGC 127556,129.0,144.1,5.3,23.2,75.0,3240.7
ISARC,WS2021,1,IRGC 121474,81.0,89.0,7.7,23.3,83.0,3586.4
ISARC,WS2021,1,BPT 5204,112.0,92.2,9.7,21.6,61.2,2644.4
ISARC,WS2021,2,IRGC 125972,94.0,94.3,8.0,26.9,86.0,3762.5
ISARC,WS2021,2,IRGC 132364,107.0,142.5,7.7,21.6,65.0,2954.5
ISARC,WS2021,2,IRGC 125979,,,,,,
ISARC,WS2021,2,HUR1309,101,105.466666666667,8.66666666666667,22,65.6,2834.568
ISARC,WS2021,2,IRGC 127159,88,137.2,8,26.2666666666667,75.2,3249.383
ISARC,WS2021,2,IRGC 128072,118,128.1,8.66666666666667,22.3333333333333,16.4,717.5
ISARC,WS2021,2,IRGC 126236,149,97.5666666666667,7,19.3,3,136.364
ISARC,WS2021,2,IRGC 135569,94,123.2,4.66666666666667,34.3,58.4,2555
ISARC,WS2021,2,IRGC 132267,151,144.2,4.33333333333333,21.4333333333333,15.8,682.716
ISARC,WS2021,2,IRGC 132359,118,98.0333333333333,6.66666666666667,25,49,2227.273
ISARC,WS2021,2,IRGC 126162,147,122.8,7.66666666666667,18.5666666666667,9.4,406.173
ISARC,WS2021,2,IRGC 128439,114,150.933333333333,6.33333333333333,27.1,38.6,1667.901
ISARC,WS2021,2,IRGC 128252,81,104.633333333333,7.33333333333333,20.6666666666667,66,2851.852
ISARC,WS2021,2,IRGC 127434,88,87.9333333333333,8.33333333333333,25.1666666666667,55.8,2639.189
ISARC,WS2021,2,IRGC 127901,89,153.566666666667,6,28.5,84.2,3638.272
ISARC,WS2021,2,IRGC 127631,133,157.7,4.33333333333333,25.3666666666667,31,1409.091
ISARC,WS2021,2,IRGC 127563,111,124.633333333333,7,28.2666666666667,32,1382.716
ISARC,WS2021,2,IRGC 127537,147,120.166666666667,5,20.0666666666667,20.8,921.519
ISARC,WS2021,2,IRGC 122292,132,135.633333333333,12,23.4333333333333,14.2,645.455
ISARC,WS2021,2,IRGC 128098,133,130.1,6.66666666666667,22.6666666666667,8.8,400
ISARC,WS2021,2,Swarna,119,93.9333333333333,11,22,75.4,3258.025
ISARC,WS2021,2,IRGC 128223,103,137.9,9.33333333333333,27.3333333333333,107.2,4632.099
ISARC,WS2021,2,IRGC 125953,93,142.633333333333,4.66666666666667,26.5666666666667,150.6,6507.407
ISARC,WS2021,2,Sarjoo 52,83,98.6333333333333,10.6666666666667,27.3666666666667,56,2419.753
ISARC,WS2021,2,IRGC 127929,112,173.5,5.33333333333333,29.4333333333333,48.4,2091.358
ISARC,WS2021,2,IRGC 127634,117,172.333333333333,5.66666666666667,28.8333333333333,91.2,3940.741
ISARC,WS2021,2,IRGC 127454,105,120.7,5.66666666666667,23.2333333333333,46.6,2118.182
ISARC,WS2021,2,IRGC 125880,132,153.766666666667,6.66666666666667,22.7333333333333,94,4061.728
ISARC,WS2021,2,IRGC 127106,130,150.966666666667,6.33333333333333,23.4666666666667,80,3456.79
ISARC,WS2021,2,IRGC 127256,103,104.466666666667,6.33333333333333,25.9666666666667,13.6,710.448
ISARC,WS2021,2,IRGC 127447,116,155.833333333333,4.66666666666667,31.6666666666667,59.4,2566.667
ISARC,WS2021,2,IRGC 132316,128,148.333333333333,8.66666666666667,26.3333333333333,83,3586.42
ISARC,WS2021,2,IRGC 127822,117,160.1,4.66666666666667,28.6666666666667,35.4,1609.091
ISARC,WS2021,2,IRGC 125684,127,143,8,24.8333333333333,76.4,3301.235
ISARC,WS2021,2,IRGC 128044,128,125.633333333333,8.33333333333333,22.5,108.6,4692.593
ISARC,WS2021,2,IRGC 127129,90,143.533333333333,10.3333333333333,31.6,90,3987.342
ISARC,WS2021,2,IRGC 128047,,,,,,
ISARC,WS2021,2,IRGC 127650,102,158.2,4.33333333333333,31.1666666666667,102.2,4416.049
ISARC,WS2021,2,IRRI 123,94,109.633333333333,8.33333333333333,26.3333333333333,68,2938.272
ISARC,WS2021,2,IRGC 127301,96,139.733333333333,10,28.4666666666667,94.8,4096.296
ISARC,WS2021,2,IRGC 127974,134,142.2,8.33333333333333,25.9,40,1728.395
ISARC,WS2021,2,IRGC 127689,94,146.5,7.66666666666667,26.5,92.4,4093.671
ISARC,WS2021,2,IRGC 127001,84,139.166666666667,7.33333333333333,26.2,18,840
ISARC,WS2021,2,BPT 5204,114,92.9666666666667,9.33333333333333,22.3,45.6,1970.37
ISARC,WS2021,2,IRGC 126966,94,97.7,9.33333333333333,28.8333333333333,89.2,3951.899
ISARC,WS2021,2,Sahabagi dhan,94,128.3,6.66666666666667,26.6,74.4,3255
ISARC,WS2021,2,IRGC 127281,121,171.833333333333,6.66666666666667,29.3666666666667,30.4,1346.835
ISARC,WS2021,2,IRGC 126170,115,160.1,5.33333333333333,28.6666666666667,36,1636.364
ISARC,WS2021,2,IRGC 128156,125,153.266666666667,5.66666666666667,21.9666666666667,65,2808.642
ISARC,WS2021,2,IRGC 127251,111,153.2,8.66666666666667,26.0666666666667,41.4,1788.889
ISARC,WS2021,2,IRGC 128091,132,146.966666666667,6.66666666666667,21.8666666666667,36.6,1663.636
ISARC,WS2021,2,IRGC 125966,104,86.5333333333333,7.66666666666667,26.4,77.4,3344.444
ISARC,WS2021,2,IRGC 132371,101,95.0666666666667,7.66666666666667,27.3333333333333,54.4,2472.727
ISARC,WS2021,2,IRGC 125766,88,123,9.66666666666667,25.5666666666667,88,4000
ISARC,WS2021,2,IRGC 132291,151,125.333333333333,9.33333333333333,24.2666666666667,5.6,245
ISARC,WS2021,2,Sarjoo 52,97,94.5,5.66666666666667,25.9666666666667,74.2,3206.173
ISARC,WS2021,2,IRGC 127848,88,121.666666666667,8.66666666666667,25.2333333333333,88,3802.469
ISARC,WS2021,2,IRGC 132424,127,125.733333333333,12.6666666666667,23.4666666666667,92.2,3983.951
ISARC,WS2021,2,IRGC 131972,,,,,,
ISARC,WS2021,2,IRGC 128483,111,159.666666666667,5.33333333333333,26.4666666666667,71.6,3093.827
ISARC,WS2021,2,IRGC 127745,126,154.033333333333,6.66666666666667,25.7666666666667,59.8,2583.951
ISARC,WS2021,2,IR 64,83,95.6333333333333,7.66666666666667,23.8666666666667,71,3067.901
ISARC,WS2021,2,IRGC 127102,102,111.633333333333,7,26,62,2679.012
ISARC,WS2021,2,IRGC 128000,134,119.533333333333,8.33333333333333,22.3333333333333,37,1681.818
ISARC,WS2021,2,IRGC 127964,131,144.566666666667,6.33333333333333,23.4,24,1037.037
ISARC,WS2021,2,IRGC 127107,133,139.8,8.66666666666667,20.6666666666667,37,1618.75
ISARC,WS2021,2,IRGC 128157,109,175.633333333333,7,32.1333333333333,22.2,2100
ISARC,WS2021,2,IRGC 121342,115,146.566666666667,6.66666666666667,34,46.6,2297.183
ISARC,WS2021,3,IRGC 125990,83,94.2333333333333,7,25.8666666666667,39,1685.185
ISARC,WS2021,3,IRGC 127614,117,165.266666666667,6.66666666666667,31.2666666666667,6.4,290.909
ISARC,WS2021,3,IRGC 127884,133,161.166666666667,7.66666666666667,24,11.8,522.785
ISARC,WS2021,3,IRGC 125959,84,111.566666666667,6.33333333333333,25.6666666666667,34.6,1658.904
ISARC,WS2021,3,IRGC 127942,127,144.9,7,26.8333333333333,123.4,5332.099
ISARC,WS2021,3,HUR1309,103,111.3,7.33333333333333,23.4,57.4,2480.247
ISARC,WS2021,3,IRGC 127968,131,143.666666666667,6.66666666666667,26.6333333333333,77.8,3361.728
ISARC,WS2021,3,IRGC 128051,134,152.333333333333,7.33333333333333,23.4333333333333,66,2924.051
ISARC,WS2021,3,IRGC 128025,137,126.466666666667,9.33333333333333,21.5666666666667,39,1685.185
ISARC,WS2021,3,IRGC 132033,113,173.233333333333,4.66666666666667,31.1333333333333,27.8,1201.235
ISARC,WS2021,3,IRGC 127869,124,168.733333333333,6.33333333333333,24.8666666666667,31.2,1400
ISARC,WS2021,3,IRGC 128071,142,119.766666666667,6.66666666666667,28.0666666666667,0.5,1750
ISARC,WS2021,3,IRGC 128200,131,159.133333333333,5.66666666666667,29.3,61,2668.75
ISARC,WS2021,3,IRGC 127443,153,156.466666666667,10,21.8666666666667,41,1816.456
ISARC,WS2021,3,IRGC 125648,125,147.266666666667,8,25.3,52.6,2272.84
ISARC,WS2021,3,IRGC 128090,130,124.233333333333,7.33333333333333,26.9333333333333,56.4,2437.037
ISARC,WS2021,3,IRGC 127096,131,148.166666666667,8,22.5333333333333,44.8,1935.802
ISARC,WS2021,3,IRGC 127933,91,138.733333333333,6.66666666666667,27.8,76.8,3318.519
ISARC,WS2021,3,IRGC 125887,120,112.433333333333,7.33333333333333,26.5666666666667,47,2030.864
ISARC,WS2021,3,Sahabagi dhan,93,133.966666666667,6.33333333333333,28.1666666666667,61,2635.802
ISARC,WS2021,3,IRGC 128117,117,150.233333333333,5.66666666666667,24.6,10.2,463.636
ISARC,WS2021,3,IRGC 127684,120,144.7,8,24.7,32.4,1417.5
ISARC,WS2021,3,IRGC 125705,133,123.5,8,20.7333333333333,34.2,1477.778
ISARC,WS2021,3,Swarna,118,93.4666666666667,9,23.3333333333333,20.4,927.273
ISARC,WS2021,3,IRGC 125869,127,131.966666666667,8,21.5333333333333,48.8,2108.642
ISARC,WS2021,3,IRGC 125970,110,124.8,6,28.6666666666667,27.4,1183.951
ISARC,WS2021,3,HUR1309,84,84.3,8,24.3333333333333,54.8,2367.901
ISARC,WS2021,3,IRGC 125850,133,127.8,9.66666666666667,24.6,90.6,3963.75
ISARC,WS2021,3,Sarjoo 52,96,94.4666666666667,8.66666666666667,24.2333333333333,88,3802.469
ISARC,WS2021,3,IRGC 127975,130,115.366666666667,7.33333333333333,24.6666666666667,63.2,2765
ISARC,WS2021,3,IRRI 123,83,95.3,9.66666666666667,25,70,3062.5
ISARC,WS2021,3,IRGC 125949,86,106.5,8.66666666666667,29.2333333333333,80.2,3465.432
ISARC,WS2021,3,IRGC 125802,94,150.833333333333,6.66666666666667,29.5,23.4,1436.842
ISARC,WS2021,3,IRGC 128120,138,136.8,8,20.7333333333333,28.6,1267.089
ISARC,WS2021,3,IRGC 124442,139,156.666666666667,6.66666666666667,23.3,19,820.988
ISARC,WS2021,3,IRGC 126085,90,71.0666666666667,11,23.3333333333333,35.4,1529.63
ISARC,WS2021,3,IRGC 131976,88,110.2,7.66666666666667,27.2333333333333,82,3543.21
ISARC,WS2021,3,IRGC 127469,129,151.066666666667,7.66666666666667,27.3666666666667,34.6,1495.062
ISARC,WS2021,3,IRGC 128020,90,77.3,7.66666666666667,22.9,44.8,1984.81
ISARC,WS2021,3,IRGC 128181,134,151.7,7.66666666666667,22.3333333333333,54,2333.333
ISARC,WS2021,3,IRGC 128281,84,133.9,4.66666666666667,25.7333333333333,46,2596.774
ISARC,WS2021,3,IRGC 125804,93,142.9,9.33333333333333,24.3,54.4,2410.127
ISARC,WS2021,3,IRGC 127040,125,177.066666666667,7.33333333333333,25.6,4.4,394.872
ISARC,WS2021,3,IRGC 122120,136,125.733333333333,8.66666666666667,22.1333333333333,3.6,163.636
ISARC,WS2021,3,IRGC 122098,81,124.3,5.66666666666667,25.8333333333333,88.2,3811.111
ISARC,WS2021,3,IRGC 128518,149,135.566666666667,7.33333333333333,20,45,2625
ISARC,WS2021,3,IRRI 123,96,115.566666666667,8,28.4,76.8,3318.519
ISARC,WS2021,3,IRGC 127953,132,161.766666666667,5.33333333333333,23.8,69,2981.481
ISARC,WS2021,3,IRGC 126150,136,145.666666666667,6.33333333333333,22.6333333333333,49.4,2188.608
ISARC,WS2021,3,IRGC 128137,132,160.6,5.66666666666667,24.7,90.4,4109.091
ISARC,WS2021,3,IRGC 128123,141,137.566666666667,5.33333333333333,24,50.4,2177.778
ISARC,WS2021,3,IRGC 127351,125,160.233333333333,5.66666666666667,28.1666666666667,77.8,3361.728
ISARC,WS2021,3,IRGC 125890,97,98.3,8,26.6666666666667,69.8,3016.049
ISARC,WS2021,3,IRGC 122029,90,125.633333333333,7.33333333333333,29.5,80,3456.79
ISARC,WS2021,3,IRGC 128323,94,167.5,8.33333333333333,27.6666666666667,92.8,4009.877
ISARC,WS2021,3,IRGC 125955,110,116.3,8.66666666666667,23.8333333333333,35,1590.909
ISARC,WS2021,3,IRGC 128108,138,161.133333333333,6.66666666666667,24.9666666666667,62.2,2755.696
ISARC,WS2021,3,IRGC 127849,132,150.666666666667,4.33333333333333,23.3333333333333,53,2290.123
ISARC,WS2021,3,IRGC 128350,117,163.9,7,35.1333333333333,22.2,959.259
ISARC,WS2021,3,IRGC 128444,152,134.233333333333,9.33333333333333,21.6,1.2,600
ISARC,WS2021,3,IRGC 128040,95,168.9,6.33333333333333,28.3333333333333,79.8,3448.148
ISARC,WS2021,3,IRGC 127481,81,147.3,9,25.3,42,1814.815
ISARC,WS2021,3,IRGC 125873,90,115.6,10,24.8333333333333,49.2,2152.5
ISARC,WS2021,3,IRGC 126158,128,142.333333333333,10.3333333333333,24.8666666666667,40,1818.182
ISARC,WS2021,3,BPT 5204,123,97,9.66666666666667,23.9,15,921.053
ISARC,WS2021,3,IRGC 125664,144,221.666666666667,7,30.3333333333333,42.2,1846.25
ISARC,WS2021,3,IRGC 127963,127,141.933333333333,8.33333333333333,23.9333333333333,19.4,943.056
ISARC,WS2021,3,IRGC 125859,80,94.6333333333333,6.33333333333333,27.3,38,2333.333
ISARC,WS2021,4,IRGC 132372,132,141.033333333333,6,22.2666666666667,56.6,2507.595
ISARC,WS2021,4,IRGC 127926,138,147.766666666667,7,21.9666666666667,42.6,1840.741
ISARC,WS2021,4,IRGC 122076,122,121.1,6.33333333333333,26.5333333333333,60.2,2926.389
ISARC,WS2021,4,IRGC 125609,90,87.8666666666667,8,24.8333333333333,66.4,2869.136
ISARC,WS2021,4,IRGC 127802,105,121.5,9.66666666666667,24.3333333333333,96.8,4182.716
ISARC,WS2021,4,IRGC 128126,135,139.9,11.6666666666667,25.6666666666667,65.6,2834.568
ISARC,WS2021,4,IRGC 132328,97,146.9,4,28.6666666666667,51.2,2212.346
ISARC,WS2021,4,IRGC 127131,98,141.233333333333,8.66666666666667,28.7333333333333,106.8,4614.815
ISARC,WS2021,4,IRGC 126167,138,126.7,8.33333333333333,23.2666666666667,49.4,2188.608
ISARC,WS2021,4,IRGC 127124,73,119.333333333333,6.66666666666667,25.7333333333333,55.4,2393.827
ISARC,WS2021,4,IRGC 128119,139,127.033333333333,6.33333333333333,24.0333333333333,2.2,962.5
ISARC,WS2021,4,IRGC 127775,103,104.6,7,25.7333333333333,75.2,3249.383
ISARC,WS2021,4,IRGC 128092,129,149.966666666667,7,26.5333333333333,93.6,4044.444
ISARC,WS2021,4,IRGC 127437,130,144.266666666667,6.66666666666667,24.3333333333333,2,1166.667
ISARC,WS2021,4,IRGC 127172,149,121.3,7.66666666666667,20.6,10,454.545
ISARC,WS2021,4,IRGC 132337,109,128.966666666667,5.66666666666667,26,21.6,945
ISARC,WS2021,4,IRGC 127576,92,130.533333333333,6,25.7333333333333,93.6,4044.444
ISARC,WS2021,4,IRGC 127536,130,148.366666666667,6,23.7333333333333,40,1772.152
ISARC,WS2021,4,IRGC 125801,129,141.166666666667,6,24.7333333333333,68.4,2955.556
ISARC,WS2021,4,IRGC 132423,113,184.566666666667,8.33333333333333,29.2,40,1794.872
ISARC,WS2021,4,IRGC 127835,95,96.5333333333333,10.6666666666667,22.9666666666667,151.2,6615
ISARC,WS2021,4,IRGC 127970,94,160.633333333333,6,23.4,69.2,3105.128
ISARC,WS2021,4,IRGC 125810,101,138.4,6.33333333333333,27.2,101.2,4372.84
ISARC,WS2021,4,IRRI 123,94,103.666666666667,5.33333333333333,24.3,64,2765.432
ISARC,WS2021,4,IRGC 126216,101,164.033333333333,6.66666666666667,30.2,30,1312.5
ISARC,WS2021,4,IRGC 127908,86,131.3,6,25.0666666666667,76.4,3301.235
ISARC,WS2021,4,Sahabagi dhan,91,116.633333333333,4.33333333333333,28.3,58.6,2734.667
ISARC,WS2021,4,IRGC 126270,130,132.566666666667,8,24.2,65,3922.414
ISARC,WS2021,4,IRGC 127639,98,95.4666666666667,8.33333333333333,24.4,88,3802.469
ISARC,WS2021,4,IRGC 125961,116,91.6,8.66666666666667,28.0666666666667,57,2525.316
ISARC,WS2021,4,IRGC 127919,88,113.733333333333,8.33333333333333,24,75.2,3249.383
ISARC,WS2021,4,Sarjoo 52,98,92.4,6,25.1333333333333,56.8,2516.456
ISARC,WS2021,4,IRGC 128118,133,118.5,9.66666666666667,23.9,79.8,3448.148
ISARC,WS2021,4,IRGC 127773,132,170.4,7.33333333333333,26.6666666666667,84.4,3646.914
ISARC,WS2021,4,IRGC 127154,111,157.466666666667,7,29.2333333333333,30.8,1330.864
ISARC,WS2021,4,IRGC 126974,122,183.166666666667,3.66666666666667,34.9333333333333,16.2,787.5
ISARC,WS2021,4,IRGC 127710,100,165.3,8.66666666666667,27.9,26.4,1140.741
ISARC,WS2021,4,IRGC 125630,125,172,7,26,35.4,1529.63
ISARC,WS2021,4,IRGC 125886,128,143.966666666667,7,23.8333333333333,115.6,4995.062
ISARC,WS2021,4,IRGC 125973,102,117.2,7.66666666666667,24.3,38.8,1676.543
ISARC,WS2021,4,IRGC 132300,137,154.6,7.33333333333333,23.4666666666667,85,3718.75
ISARC,WS2021,4,IRGC 132256,117,126.866666666667,10.6666666666667,22.8666666666667,3.8,172.727
ISARC,WS2021,4,IRGC 128041,135,154.066666666667,6.33333333333333,23.3333333333333,50.2,2169.136
ISARC,WS2021,4,Swarna,,,,,,
ISARC,WS2021,4,IRGC 127812,98,181.966666666667,5.33333333333333,29.0666666666667,77.8,3361.728
ISARC,WS2021,4,IRGC 127282,95,159.666666666667,6,31.4,54,2333.333
ISARC,WS2021,4,IRGC 125735,130,140.9,5.33333333333333,25.5333333333333,60,2592.593
ISARC,WS2021,4,IRGC 127937,127,151.166666666667,7,26.7333333333333,111.6,4822.222
ISARC,WS2021,4,BPT 5204,112,93.7333333333333,7.33333333333333,23.1333333333333,25,1080.247
ISARC,WS2021,4,IRGC 126153,149,141.366666666667,8,24.9666666666667,7.4,1233.333
ISARC,WS2021,4,IRGC 135566,153,118.433333333333,9,21.6333333333333,1.6,560
ISARC,WS2021,4,IR 64,85,90.7333333333333,8,25.2,57.8,2528.75
ISARC,WS2021,4,IRGC 128129,149,129.4,9.33333333333333,22.7333333333333,21,907.407
ISARC,WS2021,4,IRGC 127160,128,142.2,5.66666666666667,25.1333333333333,67.6,2920.988
ISARC,WS2021,4,IRGC 127801,91,122.633333333333,4.33333333333333,23.3,49.6,2170
ISARC,WS2021,4,IRGC 128018,130,114.866666666667,12.3333333333333,22.7,34.4,1486.42
ISARC,WS2021,4,Swarna,127,91.8,11.3333333333333,23.3666666666667,39.2,1693.827
ISARC,WS2021,4,IRGC 127677,149,147.333333333333,11.3333333333333,23.8333333333333,11.6,527.273
ISARC,WS2021,4,IRGC 132279,132,114.866666666667,7.66666666666667,20.5666666666667,23.6,1045.57
ISARC,WS2021,4,IRGC 126209,130,135.8,5.66666666666667,22.1333333333333,34,1469.136
ISARC,WS2021,4,IRGC 132357,122,141.266666666667,4.66666666666667,24.8333333333333,22.2,1295
ISARC,WS2021,4,IRGC 127674,111,120.766666666667,5.66666666666667,19.2,34.6,1495.062
ISARC,WS2021,4,IRGC 128138,146,117.033333333333,9,21.6333333333333,51,2318.182
ISARC,WS2021,4,IRGC 127239,85,124.4,7.33333333333333,24.4,49.8,2206.329
ISARC,WS2021,4,IRGC 128489,83,153.066666666667,6.33333333333333,31.9666666666667,86.6,3741.975
ISARC,WS2021,4,IRGC 125976,91,77.8,11,22.3666666666667,103,4450.617
ISARC,WS2021,4,HUR1309,102,101.633333333333,10.3333333333333,24.3,73.4,3251.899
ISARC,WS2021,4,IRGC 127996,114,165.7,6,26.0333333333333,83.6,3612.346
ISARC,WS2021,5,IRGC 117423,127,196.233333333333,7,30.4666666666667,131,5660.494
ISARC,WS2021,5,BPT 5204,110,108.933333333333,10,26.7333333333333,74.6,3223.457
ISARC,WS2021,5,Swarna,130,107.966666666667,8.33333333333333,26.1333333333333,111.2,4804.938
ISARC,WS2021,5,IRGC 125715,108,101.8,7,24.8,66.6,3330
ISARC,WS2021,5,IRGC 127367,86,134.833333333333,5.66666666666667,25.9,79.8,3448.148
ISARC,WS2021,5,IRGC 128001,148,204.4,7,29.7,14.6,663.636
ISARC,WS2021,5,IRGC 131971,143,176.6,5,20.6333333333333,29.4,1270.37
ISARC,WS2021,5,IRGC 127612,112,182.066666666667,3.66666666666667,27.2333333333333,67.4,2948.75
ISARC,WS2021,5,IRGC 127243,85,137.166666666667,4,28.3,83.2,3595.062
ISARC,WS2021,5,IRGC 127292,81,141.366666666667,6,23.3666666666667,65.4,2825.926
ISARC,WS2021,5,IRGC 127632,133,144.466666666667,6,26.3666666666667,67.2,2903.704
ISARC,WS2021,5,IRGC 127068,97,118.133333333333,5.66666666666667,32.5666666666667,36.6,1621.519
ISARC,WS2021,5,IRGC 128154,137,143.4,8,22.6666666666667,74.8,3356.41
ISARC,WS2021,5,IRGC 126174,109,96.5666666666667,7.66666666666667,26,31.6,1365.432
ISARC,WS2021,5,IRGC 127923,132,139.066666666667,9.33333333333333,24.2666666666667,40.6,1798.734
ISARC,WS2021,5,BPT 5204,,,,,,
ISARC,WS2021,5,IRGC 128160,146,151.266666666667,6,23.0333333333333,43.4,1898.75
ISARC,WS2021,5,IRGC 127956,142,155.033333333333,8,26.0666666666667,44.6,2001.282
ISARC,WS2021,5,IRGC 125858,135,154.2,4.33333333333333,24.7,46,1987.654
ISARC,WS2021,5,IRGC 128162,128,156,10.3333333333333,27.2,94.2,4281.818
ISARC,WS2021,5,IRGC 122276,90,135.4,5.33333333333333,27.3,32.4,1575
ISARC,WS2021,5,IRGC 131980,117,157.4,6.66666666666667,27.1333333333333,30,1346.154
ISARC,WS2021,5,IRGC 127747,108,181.066666666667,5.66666666666667,29.3,60.8,2627.16
ISARC,WS2021,5,IRGC 125968,121,102.133333333333,9,26.1,40,1728.395
ISARC,WS2021,5,IRGC 125863,109,153.633333333333,6,32.9,69.6,3007.407
ISARC,WS2021,5,Sahabagi dhan,95,129.166666666667,6,27.5,58.8,2572.5
ISARC,WS2021,5,IRGC 128056,149,120.433333333333,6,23.9333333333333,11.6,527.273
ISARC,WS2021,5,IRGC 127195,146,142.133333333333,8.33333333333333,22.4666666666667,50.2,2169.136
ISARC,WS2021,5,IRGC 128076,134,156.533333333333,4.66666666666667,21.8,49.6,2197.468
ISARC,WS2021,5,IRGC 128214,95,113.133333333333,8.33333333333333,23.6333333333333,31.4,1373.75
ISARC,WS2021,5,IRGC 126178,145,106.033333333333,9.66666666666667,20.9666666666667,6,1400
ISARC,WS2021,5,IRGC 126025,112,110.1,8,29.1,77.2,3335.802
ISARC,WS2021,5,IRGC 127053,81,80.8,7.33333333333333,23.2,46,1987.654
ISARC,WS2021,5,IRGC 125714,130,151.766666666667,5,29,20.6,1442
ISARC,WS2021,5,IRGC 127864,122,151.033333333333,9,25,84.6,3655.556
ISARC,WS2021,5,IRRI 123,98,101.633333333333,7.33333333333333,26.4666666666667,89,3845.679
ISARC,WS2021,5,IRGC 126001,102,101.233333333333,10,24.5,92.4,3992.593
ISARC,WS2021,5,IRGC 126084,102,96,7.33333333333333,26.1,75.8,3275.309
ISARC,WS2021,5,IRGC 127352,145,150,5,23.6666666666667,37.4,1616.049
ISARC,WS2021,5,IRGC 127538,89,104.233333333333,7.66666666666667,25.6333333333333,96.2,4262.025
ISARC,WS2021,5,IRGC 120922,109,97.9,11,24.6666666666667,94.6,4087.654
ISARC,WS2021,5,IRGC 127839,94,173.066666666667,7,27.1333333333333,23.4,1950
ISARC,WS2021,5,IR 64,88,94.0666666666667,12,25.9,111,4980.769
ISARC,WS2021,5,IRGC 125987,94,98.8,4.33333333333333,24.3333333333333,95.8,4191.25
ISARC,WS2021,5,IRGC 127227,132,197.433333333333,5.66666666666667,26.5333333333333,41.6,1797.531
ISARC,WS2021,5,IRGC 125853,102,150.4,5.66666666666667,30.6333333333333,129.2,5724.051
ISARC,WS2021,5,IRGC 127128,91,178.633333333333,8.33333333333333,33.9666666666667,90.2,3897.531
ISARC,WS2021,5,IRGC 121119,93,100.633333333333,5.66666666666667,23,94,4112.5
ISARC,WS2021,5,IRGC 122286,100,99.6333333333333,5.66666666666667,29.5666666666667,74.6,3223.457
ISARC,WS2021,5,IRGC 128078,130,181.266666666667,7.33333333333333,24.1333333333333,30,1363.636
ISARC,WS2021,5,IRGC 128067,133,190.133333333333,8,26.1333333333333,19,841.772
ISARC,WS2021,5,IRGC 122285,88,106.4,8.33333333333333,28.4666666666667,43,1905.063
ISARC,WS2021,5,IRGC 127201,103,164.066666666667,6,28.3,94.6,4087.654
ISARC,WS2021,5,IRGC 128176,103,108.333333333333,8,22.3333333333333,50,2215.19
ISARC,WS2021,5,HUR1309,102,113.566666666667,10,22.2333333333333,66.6,2950.633
ISARC,WS2021,5,IRGC 127881,106,189.066666666667,5,30.2,66,2851.852
ISARC,WS2021,5,IRGC 125740,131,174.466666666667,5.66666666666667,26.6666666666667,53.8,2324.691
ISARC,WS2021,5,IRGC 127946,93,154.633333333333,5.33333333333333,29.7333333333333,114,4925.926
ISARC,WS2021,5,Sarjoo 52,98,105.633333333333,4.66666666666667,24.9,98,4234.568
ISARC,WS2021,5,IRGC 127123,89,155.8,9.33333333333333,32.0666666666667,60.6,2651.25
ISARC,WS2021,5,IRGC 125754,128,150.5,9.33333333333333,26.7,123.4,5332.099
ISARC,WS2021,5,IRGC 122099,92,122.633333333333,5,25.3,114.4,4943.21
ISARC,WS2021,5,IRGC 125969,94,94.5,5.66666666666667,22.3,68,2938.272
ISARC,WS2021,5,IRGC 128046,129,139.933333333333,7.33333333333333,24.2666666666667,114.2,4996.25
ISARC,WS2021,5,IRGC 121974,91,136.4,6,24.2333333333333,85.6,3698.765
ISARC,WS2021,5,IRGC 127515,123,166.4,4.66666666666667,25.9333333333333,37.4,1700
ISARC,WS2021,5,IRGC 126312,106,158.633333333333,7.33333333333333,29.6333333333333,48.4,2171.795
ISARC,WS2021,5,IRGC 125689,147,223.466666666667,5.33333333333333,21.2666666666667,2,87.5
