"<PCA>","","","","","","","","","",""
"<ID>","PC1","PC2","PC3","PC4","PC5","PC6","PC7","PC8","PC9","PC10"
"IRIS-313-7641","-0.046647","-0.0447804","-0.0389278","0.0318308","-0.0588814","0.0156793","0.134865","-0.0632722","-0.00883519","0.0649503"
"IRIS-313-7668","-0.0387069","-0.0515239","-0.0287982","0.0322893","-0.0874017","0.0207851","0.138325","-0.0601291","-0.0209963","0.00382956"
"IRIS-313-7681","-0.027318","0.0527716","-0.0111437","-0.0069593","-0.0204606","-0.003664","-0.0462824","-0.0133726","-0.0298269","0.00385492"
"IRIS-313-7685","-0.0397299","-0.0926047","0.0677471","-0.0135533","-0.056255","-0.00101219","-0.0868957","0.0633754","0.0134274","-0.0690683"
"IRIS-313-7698","-0.0513001","-0.0731737","-0.0135852","0.0306914","-0.0706975","0.0234331","0.104531","-0.0518695","-0.0308049","0.0326198"
"IRIS-313-7699","-0.0519189","-0.0538352","-0.0248128","0.028698","-0.117525","0.0175081","0.184806","-0.0270251","-0.0433579","0.0320882"
"IRIS-313-7719","-0.0528604","-0.0124315","-0.00771229","0.00845201","-0.0158686","0.00628132","-0.139511","0.0996455","-0.0354408","-0.00432865"
"IRIS-313-7722","0.135776","-0.0292118","-0.0737856","-0.159381","-0.021401","0.138377","-0.012249","-0.0381061","-0.0210014","0.0535423"
"IRIS-313-7808","-0.059695","-0.102957","0.0234617","0.000702161","-0.0611327","-0.00419771","0.0229571","0.0116674","-0.0244246","-0.0100341"
"IRIS-313-7809","-0.0317163","-0.0609907","0.00349286","0.00105471","-0.0586917","0.00101259","0.00381821","0.0267005","-0.0619822","-0.0375106"
"IRIS-313-7826","-0.0543207","-0.119908","0.0399723","0.00815957","-0.0237935","-0.00162886","-0.00780863","0.0381968","0.0104348","-0.0128427"
"IRIS-313-7924","0.159866","-0.0949338","-0.254861","-0.196724","-0.00968393","0.148704","-0.0016478","0.0896811","-0.000147485","0.140963"
"IRIS-313-7993","0.185716","-0.110381","-0.262028","-0.204217","-0.000670274","0.15699","-0.0213184","0.0436641","-0.00666846","0.141279"
"IRIS-313-8324","0.0464041","-0.0134634","-0.083964","0.014264","0.0283809","4.14506e-06","0.0835786","-0.0114624","-0.0146703","-0.0370094"
"IRIS-313-8349","0.00753789","0.0412313","0.0344921","-0.0293417","-0.000895203","-0.0487008","0.000238861","0.0531527","0.0392374","0.00630112"
"IRIS-313-8380","-0.0158002","-0.016682","0.0275869","-0.00937168","0.196675","-0.024738","0.0208433","-0.0391615","0.0270193","0.070611"
"IRIS-313-8392","-0.0475184","-0.107901","0.0195226","-0.00349395","-0.0247975","0.00886746","-0.093633","0.0276823","-0.0789318","-0.0130666"
"IRIS-313-8412","-0.0365576","-0.0752928","0.0604293","-0.0338673","0.0298107","-0.0189964","-0.0627818","-0.00503503","0.00713279","-0.0165982"
"IRIS-313-8458","-0.0121165","0.00282032","0.00934754","0.0356245","0.0147593","0.0422094","0.0761848","0.0614912","-0.0764183","-0.00844878"
"IRIS-313-8621","-0.0476699","-0.0910694","0.0522837","-0.0236074","-0.0196054","-0.0373122","-0.0499194","0.0187517","0.0138076","0.0319942"
"IRIS-313-8679","-0.0466197","0.0698044","-0.0605006","0.0321284","-0.0199922","0.0148795","-0.0992991","-0.00536778","-0.0257482","0.00935719"
"IRIS-313-8699","-0.000900961","0.0180452","-0.0113864","0.0154835","-0.0134257","0.0167775","0.033329","-0.00692854","-0.0356131","-0.0179143"
"IRIS-313-8737","0.00264948","0.0443198","0.0399486","-0.0693651","-0.0546438","-0.0294253","-0.00204467","0.0362559","0.087565","0.0227739"
"IRIS-313-8751","-0.0400672","0.0715229","-0.0594423","0.0317337","0.00869653","0.0121602","-0.0549186","0.0299756","0.00497302","-0.00505926"
"IRIS-313-8768","0.188902","-0.126884","-0.300022","-0.208592","0.00574171","0.145573","-0.0216348","0.0798378","-0.00874311","0.122342"
"IRIS-313-8783","0.0721845","-0.00614931","0.05898","0.0751938","0.108724","0.0930327","-0.00125732","-0.0666984","0.0868386","0.0331721"
"IRIS-313-8791","-0.0274603","0.0251661","-0.0590132","0.0698206","-0.0666759","-0.000104975","0.127528","-0.0849328","-0.0114439","0.0175207"
"IRIS-313-8844","-0.0109573","0.0403856","0.0343669","-0.0593335","-0.0273886","-0.0344857","0.0241029","0.109565","0.0803754","0.0254775"
"IRIS-313-8850","0.0357251","0.0290097","0.0645908","-0.040921","-0.00986976","-0.0168164","0.0498013","0.0456926","0.0346708","-0.0237735"
"IRIS-313-8872","0.0840447","-0.047509","-0.0840472","-0.0202484","0.068443","-0.113075","0.0101931","-0.0335009","0.0162085","-0.0883773"
"IRIS-313-8873","0.0450514","-0.0212223","-0.0796081","-0.012059","0.0611109","-0.142036","0.0905098","-0.0727614","0.120471","-0.412638"
"IRIS-313-8909","-0.0349508","0.0515236","-0.0457643","0.0213305","0.0141825","0.0184387","-0.0963399","0.0283293","-0.0528326","-0.0377462"
"IRIS-313-8920","0.017655","0.0515967","0.0665271","-0.0917757","-0.0416266","-0.0482083","0.00872779","-0.0345396","-0.00897881","0.0191467"
"IRIS-313-8948","-0.0264679","0.0465091","-0.0399782","0.0349039","0.0177182","0.00825898","-0.0145998","-0.0366888","0.0332698","-0.00515281"
"IRIS-313-8985","-0.0383654","0.0622978","-0.0648885","0.0503146","-0.031095","0.01951","-0.0636568","-0.0377741","0.0403374","-0.00947625"
"IRIS-313-8986","0.0451451","0.00605332","0.0604166","0.0597672","0.0808411","0.0895007","0.117938","0.200248","-0.0665803","-0.00931202"
"IRIS-313-9023","-0.0346883","-0.0707494","0.036919","0.00663138","-0.0227202","-0.00927361","-0.00497411","0.0101649","0.0372749","0.000426037"
"IRIS-313-9032","-0.0594612","-0.0894154","-0.00750716","0.0200515","-0.0800863","0.0225153","0.0796152","-0.018441","-0.0241263","0.0385971"
"IRIS-313-9039","0.0150227","0.0291613","0.0714822","-0.061041","0.00268087","-0.0196401","0.0245498","-0.0671741","-0.0727075","-0.0415775"
"IRIS-313-9053","0.157349","-0.0524779","-0.0849816","0.0526529","0.000723356","-0.24404","-0.0268683","-0.0157117","-0.0812218","0.0174511"
"IRIS-313-9067","0.0112592","0.0417407","0.0335376","-0.0203675","-0.0133992","-0.0427887","0.0315193","0.0509797","0.0470982","-0.00946119"
"IRIS-313-9091","-0.0046612","0.0413332","-0.015664","0.021897","-0.00976991","0.0116572","0.00993705","-0.0120981","-0.024458","-0.00942636"
"IRIS-313-9121","0.0135327","0.0537184","0.075922","-0.082691","-0.0466418","-0.0207986","0.00275821","0.0350757","0.0444745","0.0100026"
"IRIS-313-9139","-5.06445e-05","0.0351883","0.0519577","-0.0384791","-0.0511241","-0.042756","0.0675049","0.126482","0.0984476","0.0259578"
"IRIS-313-9148","0.0311995","0.0348701","0.0720137","-0.0522292","-0.00436374","-0.0443368","0.00184455","0.0115395","0.0361015","0.00844524"
"IRIS-313-9258","0.0075896","0.0480953","0.0693546","-0.0807656","0.00381215","-0.0296896","0.0147673","-0.0299204","-0.0760499","-0.0164306"
"IRIS-313-9259","0.0141701","0.0541498","0.0471744","-0.0823729","-0.0454133","-0.0189401","-0.0103549","-0.0502523","-0.0219485","-0.0308399"
"IRIS-313-9281","-0.0392856","0.0660686","-0.0634911","0.0475197","-0.00053803","0.0155535","-0.0683292","0.00273384","0.0202019","-0.00791276"
"IRIS-313-9342","-0.0391635","0.0741904","-0.0681596","0.0379007","-0.00715123","0.0187637","-0.0709933","-0.0195423","0.0215017","0.00181156"
"IRIS-313-9347","-0.00749045","0.0322936","0.0228642","-0.0352334","0.0352919","-0.00821709","0.0574723","0.0704559","-0.0519088","-0.0278667"
"IRIS-313-9348","0.0236823","0.0418954","0.0395285","-0.0363265","-0.0584464","-0.0722125","0.0176363","0.0748336","0.073043","-0.0104275"
"IRIS-313-9492","0.0180154","0.0490944","0.0836811","-0.0866871","-0.0165796","0.0002154","-0.00754097","-0.0558258","-0.0328239","-0.0315439"
"IRIS-313-9522","-0.03099","-0.0784151","0.0147947","0.0361157","-0.0292356","0.0217021","-0.0698894","-0.00179827","0.031645","-0.0469567"
"IRIS-313-9570","-0.0388861","-0.0889212","-0.00160537","0.00279206","0.07012","-0.0193507","0.0242578","-0.0579702","0.000980681","0.0286637"
"IRIS-313-9602","-0.0475973","-0.0515308","-0.000304409","0.0335636","-0.0545126","0.0213527","0.109917","0.00953311","-0.0486508","-0.00185669"
"IRIS-313-9604","-0.0169764","-0.0453066","0.0610079","-0.0311405","0.0794857","-0.0117061","-0.0570335","-0.0444321","0.00261574","0.0115431"
"IRIS-313-9617","0.00094345","0.0506629","0.0415136","-0.0618186","-0.00450512","-0.0257953","0.00677154","0.0189239","-0.0231644","-0.0159329"
"IRIS-313-9623","-0.0513616","-0.0799855","0.0289371","0.0188364","-0.0586538","0.0106825","0.0395309","0.0578596","0.00994371","-0.0319498"
"IRIS-313-9637","-0.00789189","0.0293292","-0.0351978","0.0370496","0.0214949","0.000505881","0.0124514","0.000957933","-0.0464318","-0.0361138"
"IRIS-313-9696","-0.0324967","-0.00742384","0.00374568","0.000122969","-0.0766386","-0.0211945","0.0595381","0.031205","0.0447396","0.0152131"
"IRIS-313-9817","0.112757","-0.0154481","-0.0567363","-0.152749","-0.0291076","0.0934672","-0.0560105","-0.0498251","-0.0249843","0.11231"
"IRIS-313-9882","-0.00901054","0.0315658","-0.0230491","0.00647634","0.0657234","-0.013851","0.00502479","-0.0753813","0.0834273","-0.00693278"
"IRIS-313-9898","-0.0424394","0.0606341","-0.0731032","0.0482967","-0.00475759","0.0272411","-0.091617","-0.00223969","-0.0965678","-0.0130711"
"IRIS-313-9926","-0.0117089","0.053047","0.0139927","-0.0432372","-0.00665668","0.00252275","-0.0807195","-0.00642341","-0.0708036","-0.014423"
"IRIS-313-9935","0.00575186","0.0538382","0.0281113","-0.0387773","-0.0548677","-0.0365069","0.00935603","0.00444191","0.0691918","0.056896"
"IRIS-313-9939","0.0673188","-0.0455879","-0.123454","-0.107762","-0.0711761","0.069861","0.0518935","0.045965","-0.0223344","0.0479301"
"IRIS-313-9944","0.0266601","0.0172973","0.0701069","-0.0307314","0.0117838","0.0164443","0.0201458","-0.0141825","-0.0840552","-0.0589503"
"IRIS-313-9968","-0.0113037","0.00452232","0.0158515","-0.0105431","0.132531","-0.0221684","0.00115384","0.00265545","0.000871876","0.0566698"
"IRIS-313-10002","-0.0553288","-0.0820366","0.0119721","-0.00206114","-0.032601","-0.000295892","-0.0348831","0.0367307","-0.0272942","-0.0262229"
"IRIS-313-10026","0.0626512","0.0219966","0.0963797","-0.096839","-0.0108765","0.0514501","-0.0125184","-0.143888","-0.0414178","-0.0200002"
"IRIS-313-10032","0.190325","-0.0434377","-0.0269573","0.134255","-0.0523939","-0.308594","-0.0819956","-0.00575587","-0.136343","0.134815"
"IRIS-313-10034","-0.0216274","0.0242619","-0.0227485","0.0165418","0.083015","-0.00867672","-0.00966037","-0.066268","0.0961529","0.0265256"
"IRIS-313-10035","0.0608568","0.0253292","0.00813099","-0.123556","-0.0416635","0.00535657","-0.00688792","-0.0754401","-0.0327874","0.00454809"
"IRIS-313-10071","0.140196","-0.0736569","-0.201039","-0.0916278","0.0234388","-0.0405967","0.0142184","-0.000604404","0.0749643","-0.171573"
"IRIS-313-10109","-0.0311138","0.0226331","-0.0580746","0.0688693","-0.0596802","0.0217014","0.137686","-0.103807","-0.0491773","0.0228075"
"IRIS-313-10129","-0.00949314","-0.0341483","0.0320619","-0.0108705","0.195498","-0.0303838","-0.00881912","-0.111232","0.0972129","0.0803507"
"IRIS-313-10224","-0.0154556","-0.0383095","0.024817","-0.00447275","0.191237","-0.0281448","0.00412678","-0.102124","0.119649","0.102092"
"IRIS-313-10234","-0.0382767","-0.0723964","0.0300322","-0.00457207","-0.0106262","0.00838174","-0.0282371","-0.0107162","-0.0496727","-0.0628293"
"IRIS-313-10247","-0.0599038","-0.139741","0.0118073","0.0130563","-0.0440226","0.00668851","0.0407079","-0.0324679","-0.0480832","0.0479653"
"IRIS-313-10263","-0.0127887","-0.0969117","-0.0135573","-0.0512388","-0.00395945","0.0161107","-0.0319953","0.0011181","0.0507377","-0.00903434"
"IRIS-313-10271","-0.0510939","-0.0578213","-0.0272462","0.0233777","0.0359565","0.0100054","-0.081382","-0.000455205","-0.00250657","0.0156942"
"IRIS-313-10272","0.122866","-0.0748783","-0.163532","-0.138343","0.00335338","0.00207345","0.0194909","0.0551551","0.0961397","-0.204111"
"IRIS-313-10275","-0.0483901","-0.0935856","0.005639","-0.0212565","0.00663937","-0.0231324","-0.0493994","0.0283836","0.0467339","-0.0188911"
"IRIS-313-10285","-0.0549909","-0.0843248","0.0121365","-0.00626836","0.0273956","-0.0221499","-0.0723763","0.0214377","0.0038764","-0.0316397"
"IRIS-313-10287","-0.0459294","-0.114345","-0.0113208","0.0136452","-0.0454023","-0.00369253","0.013362","-0.02369","0.0157048","-0.0333094"
"IRIS-313-10294","-0.0448337","-0.0697034","0.0263258","0.0135141","-0.0210231","0.0153388","-0.0724377","0.104117","-0.00448137","-0.0580013"
"IRIS-313-10314","-0.0561109","-0.11099","0.00876517","-0.00126539","-0.0120038","0.00348716","0.0241291","0.00354096","0.0116551","0.0181375"
"IRIS-313-10318","-0.00120712","-0.0625183","-0.00536277","-0.0649074","-0.0186127","-0.0065672","-0.030426","-0.0221217","0.0777781","0.0117489"
"IRIS-313-10325","-0.0206662","-0.0987191","-0.00485285","-0.0358713","0.0106179","0.0103566","0.0022034","-7.93529e-05","0.0324218","0.0419224"
"IRIS-313-10337","-0.0446165","-0.0483796","-0.0437051","0.0392578","-0.0697682","0.0219072","0.156366","-0.0777464","-0.0211401","0.0714051"
"IRIS-313-10340","-0.0372086","-0.00138695","-0.00701315","-0.00345429","-0.03666","-0.00491348","-0.0600077","-0.00281169","-0.0108767","0.00374252"
"IRIS-313-10348","-0.0180103","-0.0231287","0.0274286","-0.0129879","-0.0244051","-0.0140378","0.011386","-0.0187999","0.017572","-0.00641192"
"IRIS-313-10352","-0.0208036","-0.0950275","-0.00343304","-0.00361752","0.00810766","0.0237242","-0.0430349","0.0200328","0.0906116","-0.00793105"
"IRIS-313-10359","0.0186941","-0.0772443","0.0792956","0.0489683","-0.0524372","0.0653958","-0.0996856","-0.00862215","0.0300198","-0.0338269"
"IRIS-313-10360","-0.0445136","-0.0410047","0.0246006","-0.000628917","-0.0679164","0.0215452","-0.0920087","0.0505928","-0.0425386","-0.0354968"
"IRIS-313-10361","-0.0148594","-0.0456756","0.0552949","-0.0256135","0.0257653","0.0152182","-0.00577764","-0.0523271","-0.0271408","-0.0374871"
"IRIS-313-10366","-0.021994","-0.0914469","0.0537498","0.0299164","-0.0511783","0.0409846","-0.0786317","0.0403312","0.027678","-0.0421617"
"IRIS-313-10374","-0.0418277","-0.061209","0.0381947","-0.0197785","-0.0725675","0.0158268","-0.137133","0.057669","-0.0492459","-0.0466922"
"IRIS-313-10385","-0.051037","-0.0988647","0.0319475","0.00422825","-0.0471503","0.0101792","-0.0661621","0.0693743","0.0472305","-0.0223918"
"IRIS-313-10396","-0.0361193","-0.0588332","0.0404605","-0.0172745","-0.0750593","0.0187624","-0.136325","0.0498993","-0.0590768","-0.0497423"
"IRIS-313-10402","-0.0665234","-0.101434","0.00593485","0.0181566","-0.0292686","-0.00350629","0.0356729","-0.0104261","0.0079936","0.0198178"
"IRIS-313-10412","-0.0413813","-0.0308015","-0.0146081","0.0470131","-0.0201227","0.00870627","0.0783966","-0.043244","0.0450966","0.0252609"
"IRIS-313-10421","-0.045117","-0.0469107","-0.0181766","0.0397933","-0.0465724","0.00622203","0.0625259","-0.101458","0.0143246","0.0316735"
"IRIS-313-10448","-0.022879","0.0406247","-0.0353128","0.0241954","0.0546092","0.0108053","0.000355724","-0.0185615","0.0240933","-0.01621"
"IRIS-313-10449","-0.000744026","-0.0242248","-0.0138809","0.00734399","0.174537","-0.0379561","0.0250984","-0.0326045","0.022191","-0.0152241"
"IRIS-313-10516","-0.024432","0.0223056","-0.0202357","0.00884553","-0.0347959","-2.0541e-05","0.0158215","0.0562052","0.0457824","0.0376764"
"IRIS-313-10517","-0.02591","0.0436333","-0.048217","0.0318493","0.00894079","0.00623524","-0.0629033","-0.0304669","0.0179689","0.00330135"
"IRIS-313-10527","0.028988","0.0179161","0.089896","-0.0659221","-0.0169828","-0.00739564","-0.00131627","-0.0589625","-0.0395216","-0.0647389"
"IRIS-313-10536","0.0400994","0.0418433","0.0827435","-0.0652093","-0.0319146","0.0512238","-0.0338185","-0.109931","-0.0481702","-0.018353"
"IRIS-313-10543","0.214564","0.00118896","0.137244","0.193893","-0.0544492","0.180219","-0.0692124","-0.0356221","0.108327","-0.0077927"
"IRIS-313-10555","-0.0367835","0.0498594","-0.0570124","0.0410565","-0.00706567","0.00176431","-0.0446412","-0.0183977","0.0194448","-0.0177018"
"IRIS-313-10560","-0.00745383","-0.0518872","0.0327117","-0.00278176","0.189032","-0.0277187","-0.00924066","-0.0997644","0.116539","0.104562"
"IRIS-313-10575","-0.0176276","0.0268656","-0.000390897","-0.0163972","0.0718714","-0.00615723","0.0514943","0.0655947","-0.0880112","-0.0120451"
"IRIS-313-10609","0.0405668","0.0201673","0.0607338","0.0074331","0.0210609","0.00329094","0.0323607","-0.00614502","-0.0294445","-0.0268986"
"IRIS-313-10648","-0.0408416","0.0556197","-0.0455834","0.0251442","0.0399074","0.0136575","-0.0667031","0.00510378","-0.0554556","-0.00948346"
"IRIS-313-10668","0.00815091","0.0477427","0.0427116","-0.0432329","-0.0347953","-0.0350795","0.0218394","0.0889238","0.0827293","0.0186934"
"IRIS-313-10671","0.0403977","0.00725169","0.0631569","0.0437239","0.0849339","0.0719089","0.114229","0.170674","-0.0688268","-0.0128982"
"IRIS-313-10683","-0.0347871","0.0468222","-0.0431843","0.027084","0.066939","0.0369493","-0.0398891","0.0185603","-0.0981535","-0.0136625"
"IRIS-313-10694","-0.0383334","0.0674703","-0.0634136","0.0417416","-0.000658909","0.02865","-0.0620184","0.00793746","-0.0360682","-0.0128412"
"IRIS-313-10720","0.00375643","0.0165433","0.0340962","-0.0181853","0.0190504","0.0120477","-0.000767905","0.0113687","-0.0615951","-0.0531996"
"IRIS-313-10725","-0.00754653","0.0665204","-0.0126704","-0.014007","-0.0396895","0.00805135","-0.0267367","-0.0307306","0.0741884","0.0304593"
"IRIS-313-10733","-0.0212844","0.0385768","2.1796e-05","-0.00852038","0.0594257","0.00308601","0.0682041","0.100855","-0.0737617","-0.00689345"
"IRIS-313-10755","-0.035593","0.0527045","-0.0605335","0.0428738","-0.0272668","0.0132981","-0.0357076","-0.0112115","0.0672035","-0.00746745"
"IRIS-313-10768","-0.0294216","0.0129531","-0.0637271","0.0644537","-0.0763975","0.0223492","0.147274","-0.105277","0.00492093","0.00446633"
"IRIS-313-10775","-0.0351312","-0.0400575","0.0178485","0.0143053","-0.107367","0.014907","0.105935","-0.0364861","-0.0800808","0.00427977"
"IRIS-313-10782","-0.0219499","0.020207","-0.0598386","0.0625644","-0.0635941","0.0147095","0.116707","-0.0841563","-0.0212785","0.0231762"
"IRIS-313-10797","-0.0388577","0.00851961","-0.0699437","0.0774366","-0.111286","0.0258479","0.155293","-0.087761","-0.00453527","0.0497642"
"IRIS-313-10811","-0.030756","5.4227e-05","-0.0234864","0.030445","-0.0742383","0.0154159","0.114667","-0.00927903","-0.0383367","0.0274593"
"IRIS-313-10855","0.00145526","0.0387285","0.0399686","-0.0480931","-0.0179764","-0.008992","0.0518668","0.0495435","0.0608014","0.0104174"
"IRIS-313-10857","0.0796927","0.00927625","0.0621625","0.0711277","0.0842648","0.106264","0.103772","0.154021","-0.0359866","-0.0147308"
"IRIS-313-10858","0.012598","0.0204323","0.0349416","0.0135604","0.0437049","0.0428407","0.0832537","0.15327","-0.0267523","-0.00840155"
"IRIS-313-10859","0.0566185","0.00788999","0.0534355","0.046902","0.0655489","0.063984","0.114093","0.144904","-0.0330531","-0.0236872"
"IRIS-313-10863","-0.00361244","0.03683","0.0622431","-0.0804503","0.00555205","-0.0246711","0.0295914","0.0207886","-0.0410272","0.0027087"
"IRIS-313-10879","0.109164","0.00641301","0.0564968","0.105449","0.029971","0.096959","0.0662704","0.100563","0.0389241","-0.0592546"
"IRIS-313-10881","0.151345","-0.0352959","-0.0218093","0.0935077","0.0589767","0.0342663","0.0591751","0.0490396","0.000482264","-0.0996368"
"IRIS-313-10883","0.145942","-0.0415216","-0.0427122","0.0682341","0.0393156","-0.00916156","0.0181331","0.0347834","-0.0396171","-0.0906367"
"IRIS-313-10885","-0.0160672","0.0556417","0.00299327","-0.0245312","-0.0539069","-0.0502047","0.0139753","0.113577","0.149326","0.0490302"
"IRIS-313-10896","0.118042","-0.00550864","0.0179772","0.107418","0.0584715","0.0832302","0.031647","0.0553724","-0.0298039","-0.0816646"
"IRIS-313-10899","-0.0403202","0.0621188","-0.0707756","0.0556125","-0.0210898","0.0164099","-0.0436017","-0.0295267","0.0219895","-0.00670148"
"IRIS-313-10904","-0.0323811","0.0587653","-0.0554972","0.0415463","-0.0113878","0.0151827","-0.0700647","-0.0340523","0.0527988","-0.0148785"
"IRIS-313-10907","-0.0342242","0.0512367","-0.0514574","0.0440022","0.00425598","0.01825","-0.0490901","-0.0423612","0.0320881","-0.0170841"
"IRIS-313-10917","-0.00258016","0.00684371","0.0259884","0.00137345","0.137636","0.0163046","0.0944993","0.0836713","-0.0836465","0.0163882"
"IRIS-313-10929","0.000182637","0.0437929","0.0421559","-0.0637792","-0.0226031","-0.0353266","0.0584198","0.0699611","0.0138367","0.00014453"
"IRIS-313-10978","0.0166108","0.0389502","0.0321712","-0.0155939","-0.00889534","-0.0429137","0.01386","0.0482123","0.0466137","0.0281659"
"IRIS-313-10983","-0.00974804","0.0550762","0.0201257","-0.0485807","-0.0259935","-0.066051","-0.0102739","0.0469075","0.11338","0.0532231"
"IRIS-313-10985","-0.00939697","0.0401441","0.0367981","-0.0374608","-0.0677888","-0.055743","0.0411557","0.114518","0.107595","0.0266083"
"IRIS-313-10989","-0.00440594","0.0547896","0.0301374","-0.0546828","-0.0481366","-0.0294924","-0.0111528","0.0018439","0.00144319","0.024331"
"IRIS-313-11006","-0.0348551","0.0435825","-0.0501517","0.0406621","-0.0358892","0.00596393","0.0258126","-0.0272312","0.0251499","0.00722598"
"IRIS-313-11027","0.19289","-0.00525632","0.110368","0.191765","-0.00937111","0.196525","-0.0065493","0.0365566","0.0570431","-0.0621348"
"IRIS-313-11032","0.164426","-0.0601772","0.030639","0.15025","-0.0375329","-0.176962","-0.0925916","-0.0116436","-0.0827856","0.12715"
"IRIS-313-11036","0.199022","-0.00685144","0.0754891","0.182056","-0.0268109","0.0396277","-0.0296997","0.0167804","-0.00426633","0.0510411"
"IRIS-313-11067","0.220866","-0.00823922","0.137763","0.194513","-0.0408538","0.174049","-0.0589204","-0.0253165","0.114025","-0.0100284"
"IRIS-313-11070","0.194591","-0.0508851","-0.0595456","0.0772166","-0.0368024","-0.146391","-0.0561397","-0.0186332","-0.0326374","0.0717464"
"IRIS-313-11078","-0.0553625","-0.0799534","0.00184385","0.0295074","-0.0473432","0.00894595","0.0548478","-0.00582365","-0.0275253","0.029013"
"IRIS-313-11090","-0.0346138","0.0498707","-0.0485639","0.0320785","0.0459675","0.0114818","-0.0589457","0.00387161","-0.0708356","-0.0207179"
"IRIS-313-11091","-0.0139328","0.0267871","-0.0260542","0.0133319","0.0571371","0.0199527","0.00778886","0.0091576","-0.0797826","-0.0455391"
"IRIS-313-11101","-0.0425863","0.0471907","-0.0233221","-0.00349595","0.0151906","-0.00683138","-0.0608961","0.0435605","-0.0153824","0.0185583"
"IRIS-313-11126","-0.0274501","0.05331","-0.0114824","-0.00607934","-0.00188859","-0.00643027","-0.00177959","0.0130253","-0.0188232","0.0293615"
"IRIS-313-11129","0.00994299","0.0334101","-0.00449051","-0.00165368","-0.0252124","-0.0623986","0.0180992","0.0403681","0.0360832","0.0446051"
"IRIS-313-11131","0.0348744","0.015514","0.0338472","0.0301469","0.102408","0.0214917","0.0378036","0.0147483","0.0380076","0.0404736"
"IRIS-313-11135","-0.026202","0.0600407","-0.0380651","0.00928269","0.00190716","-0.0118585","-0.0223512","0.0320272","0.0231998","0.0301497"
"IRIS-313-11136","0.0578725","0.00402921","-0.0655417","0.0447562","-0.014532","-0.157345","-0.00408014","-0.033688","-0.0557663","0.0271987"
"IRIS-313-11137","-0.00616156","0.0405537","0.0207852","-0.0170252","0.0719659","-0.00632878","0.0713051","0.0441104","-0.0154005","0.0197429"
"IRIS-313-11138","-0.0270027","0.0511757","-0.042903","0.0230996","0.00163696","0.00651617","-0.034944","-0.000410783","0.0248094","-0.00207888"
"IRIS-313-11139","-0.0190978","0.0608205","-0.0124034","-0.00605703","-0.00569545","-0.0175705","0.00897238","0.0753363","0.0548324","0.0286779"
"IRIS-313-11140","-0.0265014","0.0450493","-0.0210317","0.018096","-0.0124961","0.0112093","0.016471","0.0189205","0.00178522","-0.00679852"
"IRIS-313-11142","-0.0331511","0.0502968","-0.0362144","0.0156993","0.00175182","0.0126141","-0.032518","0.0149595","0.0146099","0.0168421"
"IRIS-313-11144","-0.0132389","0.0462882","-0.00534933","-0.0160649","-0.0119497","-0.0217364","0.00153074","-0.00207895","-0.0043401","-0.0044672"
"IRIS-313-11145","-0.0364021","0.0578634","-0.0458417","0.024641","0.00514049","0.00275286","-0.0353092","-0.00879939","0.00674586","0.0132648"
"IRIS-313-11160","-0.032235","0.0146361","-0.0548156","0.062816","-0.0661751","0.0197587","0.135516","-0.0919115","0.061626","0.0558626"
"IRIS-313-11162","-0.0585493","-0.133775","0.0582061","-0.00249336","-0.0193058","-0.00605824","-0.0676554","0.00378451","-0.010157","-0.012694"
"IRIS-313-11193","-0.0228964","0.054211","-0.0289734","0.00495143","0.0395488","0.00438058","-0.00541938","0.0144295","-0.00678575","0.0002902"
"IRIS-313-11199","-0.010901","-0.0147962","0.0550408","-0.0478543","0.0174339","-0.0191112","-0.0241948","-0.0180753","-0.0262693","-0.00281086"
"IRIS-313-11203","-0.0209039","0.0537284","0.0193247","-0.0490523","-0.030062","-0.0486253","0.00749756","0.0706817","0.0926056","0.0167195"
"IRIS-313-11204","0.0398333","0.0367045","0.0637994","0.00819275","-0.0492835","-0.0202824","0.00292243","0.0852557","0.0952178","0.0298278"
"IRIS-313-11206","-0.0133045","0.0278273","-0.0110381","0.0220951","-0.048412","-0.0188165","0.0711567","-0.0347714","0.0666308","0.0193132"
"IRIS-313-11207","0.00216913","0.0442647","0.0416513","-0.0556602","-0.043836","-0.0584037","0.0287992","0.0835527","0.0635895","0.010421"
"IRIS-313-11208","-0.0103048","0.0516405","-0.00306923","-0.012068","-0.0599028","-0.05425","0.0106998","0.076424","0.130916","0.0494142"
"IRIS-313-11227","0.00844054","0.0499895","0.0367275","-0.0503938","-0.0411743","-0.0359999","0.0117759","0.0513028","0.0790758","0.0203206"
"IRIS-313-11229","0.00433175","0.0593945","0.0461552","-0.0652859","-0.047659","-0.0444835","0.000124606","0.0698188","0.136053","0.0500937"
"IRIS-313-11234","-0.0499178","-0.112072","-0.0190962","0.0218803","-0.000615883","-0.00856626","0.0227284","0.00373639","0.046827","0.0668217"
"IRIS-313-11235","-0.00759193","0.0623882","-0.0139648","-0.0263945","-0.045288","-0.0100547","0.00431144","-0.0261995","0.0729321","0.0380262"
"IRIS-313-11236","-0.038185","0.0730064","-0.0757398","0.0499776","-0.0275374","0.0151632","-0.067243","-0.0376726","0.053607","-0.0104471"
"IRIS-313-11237","-0.0429173","-0.116076","0.0507469","-0.0155896","0.0154016","-0.0174623","-0.0378747","-0.0244749","-0.0390908","0.000472355"
"IRIS-313-11240","-0.017307","-0.0495354","0.0842298","-0.0485296","0.0215967","-0.0190792","-0.0353844","0.00192865","-0.0214784","-0.0202386"
"IRIS-313-11241","0.00843631","0.0250678","0.0662831","-0.0596902","-0.0118108","-0.0268128","-0.000523092","-0.00540731","-0.0229436","-0.0442863"
"IRIS-313-11263","0.0123298","-0.00373365","-0.0276386","0.0216538","-0.0700401","-0.0632002","0.103701","0.0243184","-0.0277046","0.0136451"
"IRIS-313-11267","-0.00638035","0.0524699","0.0220719","-0.0598892","-0.0529435","-0.0465183","0.0181143","0.0291859","0.0662182","0.0444631"
"IRIS-313-11288","0.00413967","0.00825535","0.00527762","-0.00274291","-0.0369106","0.0300769","0.0689392","0.0221716","-0.00179477","0.00865994"
"IRIS-313-11292","-0.010893","0.0475119","0.0104651","-0.0258646","0.00550799","-0.0193533","0.0046883","0.0864415","0.0483918","0.0067442"
"IRIS-313-11301","-0.012644","0.0468991","0.0240482","-0.050414","-0.0539071","-0.0565368","0.0156328","0.112616","0.125591","0.0642504"
"IRIS-313-11302","0.0516755","0.0271658","0.0358389","0.0440408","0.0314616","0.0518525","-0.00172807","0.0241162","-0.0489555","-0.028176"
"IRIS-313-11305","0.010889","0.0226569","-0.00723741","-0.0513766","0.0177963","-0.0604371","0.0485296","0.095906","0.00372833","-0.011846"
"IRIS-313-11306","-0.0104075","0.0168693","0.0196676","-0.0171649","0.088167","0.0033704","0.0806743","0.101606","-0.0802884","-0.0028297"
"IRIS-313-11310","0.0104734","0.038443","0.0563505","-0.0730316","0.0150635","0.00438971","0.00927293","-0.0380694","-0.0833015","-0.0182714"
"IRIS-313-11339","0.0149095","0.0429089","0.0586226","-0.0699037","-0.0475553","-0.0623922","0.0408161","0.0631634","0.0728681","0.00637874"
"IRIS-313-11341","-0.026324","0.0619126","-0.052117","0.0363724","0.0265106","0.0111929","-0.0305019","-0.0133664","0.0165344","-0.0138165"
"IRIS-313-11344","-0.0097379","0.0359296","-0.0319711","0.0339376","0.0138525","0.0143252","0.00409341","0.00342112","-0.0610997","-0.0299258"
"IRIS-313-11346","-0.0577066","-0.0878568","0.0293308","0.000959574","-0.072575","0.00872192","0.035975","0.010208","-0.0333654","-0.00982106"
"IRIS-313-11353","0.182715","0.013428","0.130031","0.169579","-0.0447855","0.175324","-0.0292596","0.00253068","0.132733","0.00125024"
"IRIS-313-11361","0.00814723","0.043932","0.0678979","-0.0919133","-0.0356384","-0.030181","0.00643226","-0.00975746","-0.0344541","-0.0175141"
"IRIS-313-11363","0.00986622","0.045889","0.0550876","-0.0851905","-0.0329634","-0.0335403","-0.000647287","-0.0222482","-0.0318292","0.0142059"
"IRIS-313-11375","0.120113","-0.0100197","-0.0202391","0.053674","-0.031446","-0.242402","-0.0353996","0.0132213","-0.0735118","0.064937"
"IRIS-313-11392","-0.0341865","0.0695403","-0.0620616","0.0370148","0.0064057","0.0261036","-0.0783166","-0.0255527","-0.0166774","-0.0143726"
"IRIS-313-11393","-0.0406821","0.0579606","-0.0477125","0.031532","-0.0125482","0.0201334","-0.0597053","-0.00135918","-0.0226365","-0.00675216"
"IRIS-313-11402","-0.0119395","0.0474604","0.0152817","-0.041882","0.0294747","-0.0344442","0.0497414","0.0799535","0.045","0.0275531"
"IRIS-313-11403","-0.00596435","0.0275573","-0.0162038","0.0241196","0.077265","0.020733","0.0320764","0.058979","-0.0842642","-0.00761625"
"IRIS-313-11417","0.12656","-0.000283021","0.0217307","0.0680292","-0.0492088","-0.201914","-0.0384493","-0.00256209","-0.117766","0.112262"
"IRIS-313-11420","0.0418211","0.0252193","0.0915521","-0.0533369","0.0123573","-0.00631821","0.0136961","-0.0528608","-0.0805313","-0.0331248"
"IRIS-313-11423","-0.0403652","-0.0607795","-0.00951033","0.0139645","-0.0847367","0.0107731","0.0912249","-0.0523255","-0.0275235","0.0142061"
"IRIS-313-11432","0.0835172","0.0229883","0.0723375","0.0778433","-0.0343513","0.0803223","-0.0227643","-0.0160593","0.0140988","-0.0145555"
"IRIS-313-11461","0.0155798","0.021829","0.0802081","-0.0752453","0.0524246","-0.0148962","0.00963704","-0.0860455","-0.0549582","-0.0464381"
"IRIS-313-11490","-0.0131706","0.0453668","-0.00692652","-0.0132283","0.0140058","-0.0150816","-0.0149927","0.0252984","-0.00795314","0.00863933"
"IRIS-313-11505","0.0122515","0.0261493","0.0689105","-0.0799834","0.0356705","-0.014395","0.0221675","-0.0860844","-0.0604144","-0.0484991"
"IRIS-313-11509","-0.0344286","0.0632203","-0.059944","0.0454223","-0.0177534","0.0262387","-0.0822738","0.00121464","0.0034637","-0.0191599"
"IRIS-313-11510","-0.0353277","-0.0490079","0.0264921","-0.012897","-0.00446283","0.00050351","0.0547451","-0.0613906","-0.0692504","-0.00697714"
"IRIS-313-11515","-0.0375645","-0.012613","-0.00754292","0.0303685","-0.0441165","0.0237621","-0.0207381","-0.0168369","-0.054788","-0.0155054"
"IRIS-313-11516","-0.053871","-0.0700628","0.0197725","0.00639089","-0.0827474","0.0161696","0.0420288","-0.0167944","-0.0333983","-0.0307996"
"IRIS-313-11523","-0.0323705","0.0643525","-0.0256366","-0.00882575","-0.0203761","0.0102583","-0.0585","0.0506509","-0.0114447","0.0103489"
"IRIS-313-11538","-0.0514633","-0.125539","0.0237363","0.0173742","0.010618","-0.0282043","0.0520057","0.0123913","0.00848225","-0.0200746"
"IRIS-313-11542","0.132659","-0.0336948","-0.056245","0.0648682","-0.0324913","-0.20148","-0.010983","8.78288e-06","-0.0374026","0.0129414"
"IRIS-313-11543","-0.0324983","0.0497693","-0.0582076","0.0349182","0.0243966","0.0144789","-0.0739795","-0.00265492","-0.0474584","0.00906454"
"IRIS-313-11549","-0.0192803","0.0439946","0.0016869","-0.0242215","0.0958458","0.0136768","0.0264329","0.0399988","-0.10448","0.00853089"
"IRIS-313-11551","-0.000755997","0.0450517","-0.035683","0.0602051","-0.0561913","-0.00250188","0.080008","-0.0265495","0.0683604","0.0239236"
"IRIS-313-11554","-0.0263875","0.0289048","-0.0666374","0.0782285","-0.0695334","0.0249723","0.131255","-0.114559","-0.00257406","0.0313786"
"IRIS-313-11558","0.00251007","0.0451679","0.0424833","-0.0529853","-0.0367013","-0.0509314","0.000754956","0.0907464","0.0802206","0.0300494"
"IRIS-313-11563","0.0322004","0.0434685","0.0945337","-0.0833318","-0.0269355","-0.0265193","0.00811446","-0.0234743","-0.0281432","0.00198432"
"IRIS-313-11565","0.0399706","0.0386368","0.0870089","-0.0635664","-0.0136142","-0.0336174","-0.0217412","-0.0676658","-0.000518817","0.00564242"
"IRIS-313-11572","-0.0244858","-0.0140406","-0.00100104","0.00181078","0.146594","-0.0146361","0.0119396","-0.0405719","0.0463694","0.0452308"
"IRIS-313-11606","-0.00221418","0.0416325","0.0450283","-0.0700409","0.00389181","0.0137187","-0.0149964","-0.0533141","-0.0994034","-0.0362996"
"IRIS-313-11607","0.0145443","0.0456845","0.0617873","-0.078217","-0.0135413","-0.0173916","0.0098765","-0.0496413","-0.0635709","-0.0373385"
"IRIS-313-11625","0.170464","-0.0364105","-0.0261334","0.10868","-0.0224202","-0.271203","-0.0538317","-0.0202012","-0.0985421","0.10208"
"IRIS-313-11674","-0.0377703","0.0576065","-0.0483432","0.0266628","-0.00905154","0.0136502","-0.071225","0.0224308","0.0198803","0.00361903"
"IRIS-313-11683","-0.0362132","0.0633027","-0.055382","0.0351001","-0.00083385","0.0208336","-0.0761308","-0.042139","-0.0052463","-0.0205599"
"IRIS-313-11714","0.00822744","-0.115549","-0.0445569","-0.041141","0.00703131","0.0386937","-0.0165831","0.0225699","0.0699847","-0.0483017"
"IRIS-313-11716","-0.00808955","0.0329094","-0.033398","0.0360455","0.0211425","0.0252632","0.0274011","-0.0295175","-0.0278126","-0.0227051"
"IRIS-313-11733","-0.0504163","-0.0977852","0.0248283","-0.00623983","0.119206","-0.0226424","-0.00177763","-0.0354221","0.0249086","0.0580803"
"IRIS-313-11745","-0.00943546","-0.00995239","0.0262093","-0.0129921","0.198299","-0.0298608","0.0457605","-0.0685013","0.053852","0.0654545"
"IRIS-313-11750","-0.0583916","-0.0815716","0.0183207","0.00913391","0.060013","-0.00349977","-0.0619842","0.00673548","-0.00963362","0.0294968"
"IRIS-313-11754","0.12785","-0.048411","-0.0835809","-0.136293","0.00317017","0.116225","-0.0344285","-0.0669473","-0.0236","0.0518149"
"IRIS-313-11757","-0.035675","0.0551268","-0.0615581","0.043671","-0.032725","0.0128399","-0.0385183","-0.0204544","0.0614176","0.000991738"
"IRIS-313-11767","0.0624656","0.00903251","-0.0191049","-0.0685009","-0.0472653","0.085212","-0.0261457","-0.0645465","-0.0221668","-0.0564955"
"IRIS-313-11785","-0.0366044","0.0341399","-0.0460168","0.0371904","0.0228123","0.0287981","-0.0528897","0.034407","-0.138011","-0.0387041"
"IRIS-313-11793","0.0559313","0.0448456","0.10048","-0.0966976","-0.0425928","0.0528593","-0.0544588","-0.147817","-0.0478016","-0.0137873"
"IRIS-313-11808","-0.0346584","-0.112164","-0.00445853","-0.0123884","0.053419","-0.0011917","-0.0510716","0.0224819","0.0842494","-0.00553882"
"IRIS-313-11811","0.0291197","0.0505993","0.081289","-0.114769","-0.0362334","0.0219789","-0.00442049","-0.117681","-0.048317","-0.00073982"
"IRIS-313-11813","-0.0283469","0.0506116","-0.0403549","0.0150954","-0.00237256","0.0197866","-0.0840281","-0.0302662","-0.0227712","-0.0103774"
"IRIS-313-11821","0.014557","0.0307876","0.0870209","-0.088296","-0.0414587","-0.000826855","0.0411858","-0.0635987","-0.0696909","-0.028931"
"IRIS-313-11844","-0.0301029","0.0487629","-0.0531185","0.034988","0.0217534","0.0140351","-0.00892807","-0.0241779","-0.00537882","-0.00152879"
"IRIS-313-11849","-0.0155786","0.0343625","-0.0495445","0.0458476","-0.00115218","0.0281067","0.041984","-0.0261438","-0.0470426","-0.0412841"
"IRIS-313-11855","-0.0160483","-0.0451296","0.0201812","0.00707472","0.174058","-0.00883503","-0.0146682","-0.117819","0.116999","0.0971665"
"IRIS-313-11887","-0.0507048","-0.0868382","0.0263383","0.00896384","-0.0530488","-0.00701577","-0.0409364","0.0322064","0.0067292","-0.0524527"
"IRIS-313-11889","-0.0121023","-0.105667","0.0392339","0.0702736","0.0264643","0.0179497","0.00852176","-0.0679651","0.042286","0.0558672"
"IRIS-313-11890","0.0937007","-0.0584588","-0.120931","-0.0312073","0.0550606","-0.167371","0.0851455","-0.0847593","0.145824","-0.551143"
"IRIS-313-11902","-0.034829","0.00790972","-0.0445095","0.0526884","-0.050239","0.00527186","0.104256","-0.0463865","-3.30178e-06","0.0109212"
"IRIS-313-11910","-0.00227141","0.0209517","-0.00798397","0.0122934","0.0851786","-0.0137646","-0.00450641","-0.0985095","0.0958997","0.0309989"
"IRIS-313-11911","-0.0097965","-0.0297838","0.0311264","-0.0124069","0.187317","-0.00685523","0.0492905","-0.00681835","0.00675736","0.0565966"
"IRIS-313-11914","0.0830822","0.0446718","0.0923016","-0.0422348","-0.0359712","0.0706817","-0.0516582","-0.110535","-0.022518","0.00812878"
"IRIS-313-11925","-0.0291343","0.0578346","-0.0452163","0.0347918","-0.0155829","0.0242011","-0.0395412","-0.00677871","-0.0098484","-0.0202662"
"IRIS-313-11930","0.00861099","-0.125625","-0.02569","0.0193878","-0.0324397","0.0528695","-0.0433602","0.0402764","-0.0268356","0.00950286"
"IRIS-313-11934","-0.0303656","-0.0865543","0.0384874","0.00627856","-0.0467942","-0.0157299","-0.047747","0.0305947","-0.0364304","-0.0596524"
"IRIS-313-11939","-0.0407413","0.0648953","-0.0472902","0.0113622","0.00871478","0.00987324","-0.0994166","0.0667383","-0.0431345","0.0218731"
"IRIS-313-11955","-0.0184673","-0.0445075","0.0170076","0.0130699","0.178193","-0.0209796","0.00487784","-0.112507","0.11385","0.0818149"
"IRIS-313-11957","-0.0170959","0.000161957","0.00727858","0.0050465","0.114491","0.0192886","0.0627522","0.0537833","-0.0543319","0.0425266"
"IRIS-313-11988","-0.00550033","0.0666589","0.00616294","-0.0202233","-0.0227795","-0.00335958","-0.00901993","-0.0405277","0.0315741","0.0221918"
"IRIS-313-11990","-0.0546231","-0.130672","0.029349","-0.00741556","-0.0229769","0.00867647","-0.0321036","0.0152467","-0.0281577","-0.010784"
"IRIS-313-11991","-0.0408701","0.0702843","-0.0708786","0.0471804","-0.000911844","0.0274209","-0.0712275","-0.00196832","-0.0365774","-0.0150154"
"IRIS-313-11996","-0.0169235","0.0336403","-0.0390038","0.0371017","0.0432056","0.0120722","0.0218506","-0.0572318","0.0168116","-0.00326258"
"IRIS-313-11998","-0.0346131","0.0619904","-0.078077","0.0582703","-0.0317379","0.0122915","-0.0468326","-0.0130079","0.0704351","-0.0023052"
"IRIS-313-12000","-0.0360373","0.0660006","-0.0653239","0.0477291","-0.0242327","0.0101419","-0.0516258","-0.0281761","0.0642242","-0.0132425"
"IRIS-313-12015","0.0219264","0.0536748","0.0655485","-0.100287","-0.0379127","0.011079","-0.0344677","-0.0550721","0.0191637","0.0130191"
"IRIS-313-12028","-0.0163646","0.0288243","0.00772117","-0.0116812","0.116549","0.0118915","0.0474215","0.0470308","-0.0772024","0.020296"
"IRIS-313-12053","-0.0326076","-0.00916324","-0.0296318","0.0368538","-0.0636144","0.0029396","0.0941905","-0.0529329","-0.0371867","0.00616766"
"IRIS-313-12067","-0.0393732","-0.0619205","0.016728","0.0250095","-0.0387033","0.0131641","-0.0416645","0.0502345","0.0239497","-0.0334827"
"IRIS-313-12078","-0.0149545","0.0222013","-0.00701304","-0.00917008","0.0774828","-0.0266959","-0.00682568","-0.0616468","0.0877391","-0.0122206"
"IRIS-313-12082","0.0580896","0.038162","0.0886947","-0.101905","-0.0458581","0.067831","-0.0299543","-0.148871","-0.0528293","0.0034949"
"IRIS-313-12109","-0.0274518","0.0555026","-0.0359087","0.0214876","-0.000679928","0.00917761","-0.0342441","-0.0213956","0.0576799","-0.0186017"
"IRIS-313-12133","-0.0376204","0.0276546","-0.0303373","0.0101099","0.0527752","0.0069993","-0.0185752","0.0325975","-0.114122","-0.0131304"
"IRIS-313-12143","-0.0297641","0.0659029","-0.0567818","0.0503619","-0.0199007","0.0264521","-0.0676323","-0.0418368","0.0226773","-0.0115428"
"IRIS-313-12148","-0.036075","0.0595986","-0.0715331","0.0550942","-0.0189058","0.0255986","-0.0577218","-0.0347945","0.0484881","-0.0202038"
"IRIS-313-12151","-0.0331502","0.0608352","-0.0634898","0.0474923","-0.0179874","0.0160599","-0.0531851","-0.00794788","0.0437875","-0.00534255"
"IRIS-313-12180","-0.017479","0.0458184","-0.00643188","-0.0121831","0.0857147","-0.00326922","0.024439","0.0464615","-0.0600852","0.0174404"
"IRIS-313-12220","-0.0373228","0.0512655","-0.0308227","0.00610329","0.0504322","0.0109124","-0.0508425","-0.00782209","-0.0217395","-0.0111623"
"IRIS-313-12221","-0.039123","0.0401397","-0.0430582","0.0285553","0.0682526","0.0231903","-0.0349667","0.0272151","-0.11456","-0.0288606"
"IRIS-313-12232","-0.0527234","-0.126721","0.0333701","0.0137301","0.090396","-0.0260303","-0.0216751","-0.0579412","0.0699932","0.0724817"
"IRIS-313-12234","-0.0882422","-0.190663","0.0413623","0.0161727","0.0314572","-0.00978311","-0.0220426","-0.00618835","0.018134","0.0426818"
"IRIS-313-12259","-0.0411388","0.0385172","-0.0438302","0.0354149","0.0490006","0.0191636","-0.0477797","0.0309408","-0.0876676","-0.0136411"
"IRIS-313-12269","-0.0227371","0.0461396","-0.0162244","0.000668021","-0.0374253","-0.0167235","0.026248","0.0125532","0.101095","0.0486967"
"IRIS-313-12270","-0.0207458","0.033594","-0.00290258","-0.0100967","0.0767877","0.0034907","0.0419262","0.10204","-0.0626996","-0.00188671"
"IRIS-313-12283","0.00135334","0.0380765","0.0148952","-0.031564","-0.0550668","0.034784","0.0125606","-0.0941473","0.00158361","-0.00111053"
"IRIS-313-12284","0.0764991","0.0414058","0.116285","-0.0757444","-0.0354858","0.0758111","-0.0339423","-0.1592","-0.0499843","-0.0155153"
"IRIS-313-12291","-0.0185289","0.0508985","-0.00765662","-0.00800758","0.0709501","0.0114954","0.0206017","0.028467","-0.0484293","0.00264529"
"IRIS-313-12296","-0.0290783","0.0409411","-0.046128","0.0315823","0.0106056","0.00624188","0.0187412","0.00450951","-0.0577568","-0.0226178"
"IRIS-313-12297","-0.00618005","0.00698014","-0.00581893","-0.00360708","0.0898137","0.00691094","0.057593","0.0297409","-0.0692677","-0.0122673"
"IRIS-313-12301","-0.0161633","0.0194457","-0.00621623","-0.00693831","0.113931","0.00539627","0.0581921","0.0461912","-0.101982","0.000520496"
"IRIS-313-12308","-0.0506228","0.0224369","-0.0379142","0.0151029","-0.0308299","0.0221937","-0.0569741","0.0469856","-0.0683085","-0.00809133"
"IRIS-313-12319","-0.0621038","-0.107796","0.0126043","0.0235327","-0.0342697","0.0167973","-0.0623302","0.0656665","0.0253643","-0.00281218"
"IRIS-313-12355","-0.0530067","-0.0452123","-0.00215345","0.0255193","0.0497441","0.0135122","-0.0845063","-0.000844993","-0.016225","0.031338"
"IRIS-313-15899","-0.0221568","-0.0639817","0.0580316","-0.0182444","-0.0188903","-0.0163792","-0.0420081","-0.00639588","-0.0494218","-0.0680205"
"IRIS-313-15902","-0.0448046","-0.121591","0.0325064","0.0131339","-0.0407273","0.00544757","-0.121199","0.0526816","0.0132683","-0.0379927"
